검색어,검색어_유형,기준_지역,키워드,대표_상권코드
청운효자동 찻집,행정동,청운효자동,찻집,3110008
독립문역 찻집,지하철역,독립문역,찻집,3110008
청운효자동 티룸,행정동,청운효자동,티룸,3110008
독립문역 티룸,지하철역,독립문역,티룸,3110008
청운효자동 티하우스,행정동,청운효자동,티하우스,3110008
독립문역 티하우스,지하철역,독립문역,티하우스,3110008
청운효자동 티카페,행정동,청운효자동,티카페,3110008
독립문역 티카페,지하철역,독립문역,티카페,3110008
청운효자동 다원,행정동,청운효자동,다원,3110008
독립문역 다원,지하철역,독립문역,다원,3110008
부암동 찻집,행정동,부암동,찻집,3110009
홍제역 찻집,지하철역,홍제역,찻집,3110009
부암동 티룸,행정동,부암동,티룸,3110009
홍제역 티룸,지하철역,홍제역,티룸,3110009
부암동 티하우스,행정동,부암동,티하우스,3110009
홍제역 티하우스,지하철역,홍제역,티하우스,3110009
부암동 티카페,행정동,부암동,티카페,3110009
홍제역 티카페,지하철역,홍제역,티카페,3110009
부암동 다원,행정동,부암동,다원,3110009
홍제역 다원,지하철역,홍제역,다원,3110009
평창동 찻집,행정동,평창동,찻집,3110010
평창동 티룸,행정동,평창동,티룸,3110010
평창동 티하우스,행정동,평창동,티하우스,3110010
평창동 티카페,행정동,평창동,티카페,3110010
평창동 다원,행정동,평창동,다원,3110010
가회동 찻집,행정동,가회동,찻집,3110017
광화문역 찻집,지하철역,광화문역,찻집,3110017
가회동 티룸,행정동,가회동,티룸,3110017
광화문역 티룸,지하철역,광화문역,티룸,3110017
가회동 티하우스,행정동,가회동,티하우스,3110017
광화문역 티하우스,지하철역,광화문역,티하우스,3110017
가회동 티카페,행정동,가회동,티카페,3110017
광화문역 티카페,지하철역,광화문역,티카페,3110017
가회동 다원,행정동,가회동,다원,3110017
광화문역 다원,지하철역,광화문역,다원,3110017
혜화역 찻집,지하철역,혜화역,찻집,3110018
혜화역 티룸,지하철역,혜화역,티룸,3110018
혜화역 티하우스,지하철역,혜화역,티하우스,3110018
혜화역 티카페,지하철역,혜화역,티카페,3110018
혜화역 다원,지하철역,혜화역,다원,3110018
종로1?2?3?4가동 찻집,행정동,종로1?2?3?4가동,찻집,3110019
종로3가역 찻집,지하철역,종로3가역,찻집,3110019
종로1?2?3?4가동 티룸,행정동,종로1?2?3?4가동,티룸,3110019
종로3가역 티룸,지하철역,종로3가역,티룸,3110019
종로1?2?3?4가동 티하우스,행정동,종로1?2?3?4가동,티하우스,3110019
종로3가역 티하우스,지하철역,종로3가역,티하우스,3110019
종로1?2?3?4가동 티카페,행정동,종로1?2?3?4가동,티카페,3110019
종로3가역 티카페,지하철역,종로3가역,티카페,3110019
종로1?2?3?4가동 다원,행정동,종로1?2?3?4가동,다원,3110019
종로3가역 다원,지하철역,종로3가역,다원,3110019
혜화동 찻집,행정동,혜화동,찻집,3110020
혜화동 티룸,행정동,혜화동,티룸,3110020
혜화동 티하우스,행정동,혜화동,티하우스,3110020
혜화동 티카페,행정동,혜화동,티카페,3110020
혜화동 다원,행정동,혜화동,다원,3110020
불광역 찻집,지하철역,불광역,찻집,3110001
불광역 티룸,지하철역,불광역,티룸,3110001
불광역 티하우스,지하철역,불광역,티하우스,3110001
불광역 티카페,지하철역,불광역,티카페,3110001
불광역 다원,지하철역,불광역,다원,3110001
무악동 찻집,행정동,무악동,찻집,3110002
무악동 티룸,행정동,무악동,티룸,3110002
무악동 티하우스,행정동,무악동,티하우스,3110002
무악동 티카페,행정동,무악동,티카페,3110002
무악동 다원,행정동,무악동,다원,3110002
교남동 찻집,행정동,교남동,찻집,3110004
교남동 티룸,행정동,교남동,티룸,3110004
교남동 티하우스,행정동,교남동,티하우스,3110004
교남동 티카페,행정동,교남동,티카페,3110004
교남동 다원,행정동,교남동,다원,3110004
숭인2동 찻집,행정동,숭인2동,찻집,3110035
동묘앞역 찻집,지하철역,동묘앞역,찻집,3110035
숭인2동 티룸,행정동,숭인2동,티룸,3110035
동묘앞역 티룸,지하철역,동묘앞역,티룸,3110035
숭인2동 티하우스,행정동,숭인2동,티하우스,3110035
동묘앞역 티하우스,지하철역,동묘앞역,티하우스,3110035
숭인2동 티카페,행정동,숭인2동,티카페,3110035
동묘앞역 티카페,지하철역,동묘앞역,티카페,3110035
숭인2동 다원,행정동,숭인2동,다원,3110035
동묘앞역 다원,지하철역,동묘앞역,다원,3110035
사직동 찻집,행정동,사직동,찻집,3110012
사직동 티룸,행정동,사직동,티룸,3110012
사직동 티하우스,행정동,사직동,티하우스,3110012
사직동 티카페,행정동,사직동,티카페,3110012
사직동 다원,행정동,사직동,다원,3110012
북한산보국문역 찻집,지하철역,북한산보국문역,찻집,3110016
북한산보국문역 티룸,지하철역,북한산보국문역,티룸,3110016
북한산보국문역 티하우스,지하철역,북한산보국문역,티하우스,3110016
북한산보국문역 티카페,지하철역,북한산보국문역,티카페,3110016
북한산보국문역 다원,지하철역,북한산보국문역,다원,3110016
신설동역 찻집,지하철역,신설동역,찻집,3110037
신설동역 티룸,지하철역,신설동역,티룸,3110037
신설동역 티하우스,지하철역,신설동역,티하우스,3110037
신설동역 티카페,지하철역,신설동역,티카페,3110037
신설동역 다원,지하철역,신설동역,다원,3110037
소공동 찻집,행정동,소공동,찻집,3110038
서대문역 찻집,지하철역,서대문역,찻집,3110038
소공동 티룸,행정동,소공동,티룸,3110038
서대문역 티룸,지하철역,서대문역,티룸,3110038
소공동 티하우스,행정동,소공동,티하우스,3110038
서대문역 티하우스,지하철역,서대문역,티하우스,3110038
소공동 티카페,행정동,소공동,티카페,3110038
서대문역 티카페,지하철역,서대문역,티카페,3110038
소공동 다원,행정동,소공동,다원,3110038
서대문역 다원,지하철역,서대문역,다원,3110038
회현동 찻집,행정동,회현동,찻집,3110039
회현역 찻집,지하철역,회현역,찻집,3110039
회현동 티룸,행정동,회현동,티룸,3110039
회현역 티룸,지하철역,회현역,티룸,3110039
회현동 티하우스,행정동,회현동,티하우스,3110039
회현역 티하우스,지하철역,회현역,티하우스,3110039
회현동 티카페,행정동,회현동,티카페,3110039
회현역 티카페,지하철역,회현역,티카페,3110039
회현동 다원,행정동,회현동,다원,3110039
회현역 다원,지하철역,회현역,다원,3110039
이화동 찻집,행정동,이화동,찻집,3110023
이화동 티룸,행정동,이화동,티룸,3110023
이화동 티하우스,행정동,이화동,티하우스,3110023
이화동 티카페,행정동,이화동,티카페,3110023
이화동 다원,행정동,이화동,다원,3110023
한성대입구역 찻집,지하철역,한성대입구역,찻집,3110024
한성대입구역 티룸,지하철역,한성대입구역,티룸,3110024
한성대입구역 티하우스,지하철역,한성대입구역,티하우스,3110024
한성대입구역 티카페,지하철역,한성대입구역,티카페,3110024
한성대입구역 다원,지하철역,한성대입구역,다원,3110024
종로5?6가동 찻집,행정동,종로5?6가동,찻집,3110025
종로5가역 찻집,지하철역,종로5가역,찻집,3110025
종로5?6가동 티룸,행정동,종로5?6가동,티룸,3110025
종로5가역 티룸,지하철역,종로5가역,티룸,3110025
종로5?6가동 티하우스,행정동,종로5?6가동,티하우스,3110025
종로5가역 티하우스,지하철역,종로5가역,티하우스,3110025
종로5?6가동 티카페,행정동,종로5?6가동,티카페,3110025
종로5가역 티카페,지하철역,종로5가역,티카페,3110025
종로5?6가동 다원,행정동,종로5?6가동,다원,3110025
종로5가역 다원,지하철역,종로5가역,다원,3110025
동대문역 찻집,지하철역,동대문역,찻집,3110028
동대문역 티룸,지하철역,동대문역,티룸,3110028
동대문역 티하우스,지하철역,동대문역,티하우스,3110028
동대문역 티카페,지하철역,동대문역,티카페,3110028
동대문역 다원,지하철역,동대문역,다원,3110028
창신2동 찻집,행정동,창신2동,찻집,3110029
창신2동 티룸,행정동,창신2동,티룸,3110029
창신2동 티하우스,행정동,창신2동,티하우스,3110029
창신2동 티카페,행정동,창신2동,티카페,3110029
창신2동 다원,행정동,창신2동,다원,3110029
창신1동 찻집,행정동,창신1동,찻집,3110030
창신1동 티룸,행정동,창신1동,티룸,3110030
창신1동 티하우스,행정동,창신1동,티하우스,3110030
창신1동 티카페,행정동,창신1동,티카페,3110030
창신1동 다원,행정동,창신1동,다원,3110030
창신3동 찻집,행정동,창신3동,찻집,3110031
창신역 찻집,지하철역,창신역,찻집,3110031
창신3동 티룸,행정동,창신3동,티룸,3110031
창신역 티룸,지하철역,창신역,티룸,3110031
창신3동 티하우스,행정동,창신3동,티하우스,3110031
창신역 티하우스,지하철역,창신역,티하우스,3110031
창신3동 티카페,행정동,창신3동,티카페,3110031
창신역 티카페,지하철역,창신역,티카페,3110031
창신3동 다원,행정동,창신3동,다원,3110031
창신역 다원,지하철역,창신역,다원,3110031
숭인1동 찻집,행정동,숭인1동,찻집,3110033
숭인1동 티룸,행정동,숭인1동,티룸,3110033
숭인1동 티하우스,행정동,숭인1동,티하우스,3110033
숭인1동 티카페,행정동,숭인1동,티카페,3110033
숭인1동 다원,행정동,숭인1동,다원,3110033
황학동 찻집,행정동,황학동,찻집,3110057
신당역 찻집,지하철역,신당역,찻집,3110057
황학동 티룸,행정동,황학동,티룸,3110057
신당역 티룸,지하철역,신당역,티룸,3110057
황학동 티하우스,행정동,황학동,티하우스,3110057
신당역 티하우스,지하철역,신당역,티하우스,3110057
황학동 티카페,행정동,황학동,티카페,3110057
신당역 티카페,지하철역,신당역,티카페,3110057
황학동 다원,행정동,황학동,다원,3110057
신당역 다원,지하철역,신당역,다원,3110057
원효로2동 찻집,행정동,원효로2동,찻집,3110058
효창공원앞역 찻집,지하철역,효창공원앞역,찻집,3110058
원효로2동 티룸,행정동,원효로2동,티룸,3110058
효창공원앞역 티룸,지하철역,효창공원앞역,티룸,3110058
원효로2동 티하우스,행정동,원효로2동,티하우스,3110058
효창공원앞역 티하우스,지하철역,효창공원앞역,티하우스,3110058
원효로2동 티카페,행정동,원효로2동,티카페,3110058
효창공원앞역 티카페,지하철역,효창공원앞역,티카페,3110058
원효로2동 다원,행정동,원효로2동,다원,3110058
효창공원앞역 다원,지하철역,효창공원앞역,다원,3110058
이촌2동 찻집,행정동,이촌2동,찻집,3110059
이촌2동 티룸,행정동,이촌2동,티룸,3110059
이촌2동 티하우스,행정동,이촌2동,티하우스,3110059
이촌2동 티카페,행정동,이촌2동,티카페,3110059
이촌2동 다원,행정동,이촌2동,다원,3110059
명동 찻집,행정동,명동,찻집,3110041
명동 티룸,행정동,명동,티룸,3110041
명동 티하우스,행정동,명동,티하우스,3110041
명동 티카페,행정동,명동,티카페,3110041
명동 다원,행정동,명동,다원,3110041
필동 찻집,행정동,필동,찻집,3110042
충무로역 찻집,지하철역,충무로역,찻집,3110042
필동 티룸,행정동,필동,티룸,3110042
충무로역 티룸,지하철역,충무로역,티룸,3110042
필동 티하우스,행정동,필동,티하우스,3110042
충무로역 티하우스,지하철역,충무로역,티하우스,3110042
필동 티카페,행정동,필동,티카페,3110042
충무로역 티카페,지하철역,충무로역,티카페,3110042
필동 다원,행정동,필동,다원,3110042
충무로역 다원,지하철역,충무로역,다원,3110042
장충동 찻집,행정동,장충동,찻집,3110043
장충동 티룸,행정동,장충동,티룸,3110043
장충동 티하우스,행정동,장충동,티하우스,3110043
장충동 티카페,행정동,장충동,티카페,3110043
장충동 다원,행정동,장충동,다원,3110043
동대문역사문화공원역 찻집,지하철역,동대문역사문화공원역,찻집,3110044
동대문역사문화공원역 티룸,지하철역,동대문역사문화공원역,티룸,3110044
동대문역사문화공원역 티하우스,지하철역,동대문역사문화공원역,티하우스,3110044
동대문역사문화공원역 티카페,지하철역,동대문역사문화공원역,티카페,3110044
동대문역사문화공원역 다원,지하철역,동대문역사문화공원역,다원,3110044
다산동 찻집,행정동,다산동,찻집,3110046
약수역 찻집,지하철역,약수역,찻집,3110046
다산동 티룸,행정동,다산동,티룸,3110046
약수역 티룸,지하철역,약수역,티룸,3110046
다산동 티하우스,행정동,다산동,티하우스,3110046
약수역 티하우스,지하철역,약수역,티하우스,3110046
다산동 티카페,행정동,다산동,티카페,3110046
약수역 티카페,지하철역,약수역,티카페,3110046
다산동 다원,행정동,다산동,다원,3110046
약수역 다원,지하철역,약수역,다원,3110046
청구역 찻집,지하철역,청구역,찻집,3110048
청구역 티룸,지하철역,청구역,티룸,3110048
청구역 티하우스,지하철역,청구역,티하우스,3110048
청구역 티카페,지하철역,청구역,티카페,3110048
청구역 다원,지하철역,청구역,다원,3110048
신당동 찻집,행정동,신당동,찻집,3110053
신당동 티룸,행정동,신당동,티룸,3110053
신당동 티하우스,행정동,신당동,티하우스,3110053
신당동 티카페,행정동,신당동,티카페,3110053
신당동 다원,행정동,신당동,다원,3110053
청구동 찻집,행정동,청구동,찻집,3110054
청구동 티룸,행정동,청구동,티룸,3110054
청구동 티하우스,행정동,청구동,티하우스,3110054
청구동 티카페,행정동,청구동,티카페,3110054
청구동 다원,행정동,청구동,다원,3110054
신당5동 찻집,행정동,신당5동,찻집,3110056
신당5동 티룸,행정동,신당5동,티룸,3110056
신당5동 티하우스,행정동,신당5동,티하우스,3110056
신당5동 티카페,행정동,신당5동,티카페,3110056
신당5동 다원,행정동,신당5동,다원,3110056
후암동 찻집,행정동,후암동,찻집,3110079
숙대입구역 찻집,지하철역,숙대입구역,찻집,3110079
후암동 티룸,행정동,후암동,티룸,3110079
숙대입구역 티룸,지하철역,숙대입구역,티룸,3110079
후암동 티하우스,행정동,후암동,티하우스,3110079
숙대입구역 티하우스,지하철역,숙대입구역,티하우스,3110079
후암동 티카페,행정동,후암동,티카페,3110079
숙대입구역 티카페,지하철역,숙대입구역,티카페,3110079
후암동 다원,행정동,후암동,다원,3110079
숙대입구역 다원,지하철역,숙대입구역,다원,3110079
용산2가동 찻집,행정동,용산2가동,찻집,3110081
용산2가동 티룸,행정동,용산2가동,티룸,3110081
용산2가동 티하우스,행정동,용산2가동,티하우스,3110081
용산2가동 티카페,행정동,용산2가동,티카페,3110081
용산2가동 다원,행정동,용산2가동,다원,3110081
약수동 찻집,행정동,약수동,찻집,3110050
약수동 티룸,행정동,약수동,티룸,3110050
약수동 티하우스,행정동,약수동,티하우스,3110050
약수동 티카페,행정동,약수동,티카페,3110050
약수동 다원,행정동,약수동,다원,3110050
용문동 찻집,행정동,용문동,찻집,3110060
용문동 티룸,행정동,용문동,티룸,3110060
용문동 티하우스,행정동,용문동,티하우스,3110060
용문동 티카페,행정동,용문동,티카페,3110060
용문동 다원,행정동,용문동,다원,3110060
효창동 찻집,행정동,효창동,찻집,3110061
효창동 티룸,행정동,효창동,티룸,3110061
효창동 티하우스,행정동,효창동,티하우스,3110061
효창동 티카페,행정동,효창동,티카페,3110061
효창동 다원,행정동,효창동,다원,3110061
한강로동 찻집,행정동,한강로동,찻집,3110062
삼각지역 찻집,지하철역,삼각지역,찻집,3110062
한강로동 티룸,행정동,한강로동,티룸,3110062
삼각지역 티룸,지하철역,삼각지역,티룸,3110062
한강로동 티하우스,행정동,한강로동,티하우스,3110062
삼각지역 티하우스,지하철역,삼각지역,티하우스,3110062
한강로동 티카페,행정동,한강로동,티카페,3110062
삼각지역 티카페,지하철역,삼각지역,티카페,3110062
한강로동 다원,행정동,한강로동,다원,3110062
삼각지역 다원,지하철역,삼각지역,다원,3110062
이태원1동 찻집,행정동,이태원1동,찻집,3110082
한강진역 찻집,지하철역,한강진역,찻집,3110082
이태원1동 티룸,행정동,이태원1동,티룸,3110082
한강진역 티룸,지하철역,한강진역,티룸,3110082
이태원1동 티하우스,행정동,이태원1동,티하우스,3110082
한강진역 티하우스,지하철역,한강진역,티하우스,3110082
이태원1동 티카페,행정동,이태원1동,티카페,3110082
한강진역 티카페,지하철역,한강진역,티카페,3110082
이태원1동 다원,행정동,이태원1동,다원,3110082
한강진역 다원,지하철역,한강진역,다원,3110082
서빙고동 찻집,행정동,서빙고동,찻집,3110083
서빙고역 찻집,지하철역,서빙고역,찻집,3110083
서빙고동 티룸,행정동,서빙고동,티룸,3110083
서빙고역 티룸,지하철역,서빙고역,티룸,3110083
서빙고동 티하우스,행정동,서빙고동,티하우스,3110083
서빙고역 티하우스,지하철역,서빙고역,티하우스,3110083
서빙고동 티카페,행정동,서빙고동,티카페,3110083
서빙고역 티카페,지하철역,서빙고역,티카페,3110083
서빙고동 다원,행정동,서빙고동,다원,3110083
서빙고역 다원,지하철역,서빙고역,다원,3110083
이태원2동 찻집,행정동,이태원2동,찻집,3110084
이태원2동 티룸,행정동,이태원2동,티룸,3110084
이태원2동 티하우스,행정동,이태원2동,티하우스,3110084
이태원2동 티카페,행정동,이태원2동,티카페,3110084
이태원2동 다원,행정동,이태원2동,다원,3110084
원효로1동 찻집,행정동,원효로1동,찻집,3110065
원효로1동 티룸,행정동,원효로1동,티룸,3110065
원효로1동 티하우스,행정동,원효로1동,티하우스,3110065
원효로1동 티카페,행정동,원효로1동,티카페,3110065
원효로1동 다원,행정동,원효로1동,다원,3110065
청파동 찻집,행정동,청파동,찻집,3110066
서울역 찻집,지하철역,서울역,찻집,3110066
청파동 티룸,행정동,청파동,티룸,3110066
서울역 티룸,지하철역,서울역,티룸,3110066
청파동 티하우스,행정동,청파동,티하우스,3110066
서울역 티하우스,지하철역,서울역,티하우스,3110066
청파동 티카페,행정동,청파동,티카페,3110066
서울역 티카페,지하철역,서울역,티카페,3110066
청파동 다원,행정동,청파동,다원,3110066
서울역 다원,지하철역,서울역,다원,3110066
남영역 찻집,지하철역,남영역,찻집,3110068
남영역 티룸,지하철역,남영역,티룸,3110068
남영역 티하우스,지하철역,남영역,티하우스,3110068
남영역 티카페,지하철역,남영역,티카페,3110068
남영역 다원,지하철역,남영역,다원,3110068
이촌1동 찻집,행정동,이촌1동,찻집,3110071
이촌1동 티룸,행정동,이촌1동,티룸,3110071
이촌1동 티하우스,행정동,이촌1동,티하우스,3110071
이촌1동 티카페,행정동,이촌1동,티카페,3110071
이촌1동 다원,행정동,이촌1동,다원,3110071
남영동 찻집,행정동,남영동,찻집,3110074
남영동 티룸,행정동,남영동,티룸,3110074
남영동 티하우스,행정동,남영동,티하우스,3110074
남영동 티카페,행정동,남영동,티카페,3110074
남영동 다원,행정동,남영동,다원,3110074
왕십리2동 찻집,행정동,왕십리2동,찻집,3110110
상왕십리역 찻집,지하철역,상왕십리역,찻집,3110110
왕십리2동 티룸,행정동,왕십리2동,티룸,3110110
상왕십리역 티룸,지하철역,상왕십리역,티룸,3110110
왕십리2동 티하우스,행정동,왕십리2동,티하우스,3110110
상왕십리역 티하우스,지하철역,상왕십리역,티하우스,3110110
왕십리2동 티카페,행정동,왕십리2동,티카페,3110110
상왕십리역 티카페,지하철역,상왕십리역,티카페,3110110
왕십리2동 다원,행정동,왕십리2동,다원,3110110
상왕십리역 다원,지하철역,상왕십리역,다원,3110110
응봉동 찻집,행정동,응봉동,찻집,3110111
행당역 찻집,지하철역,행당역,찻집,3110111
응봉동 티룸,행정동,응봉동,티룸,3110111
행당역 티룸,지하철역,행당역,티룸,3110111
응봉동 티하우스,행정동,응봉동,티하우스,3110111
행당역 티하우스,지하철역,행당역,티하우스,3110111
응봉동 티카페,행정동,응봉동,티카페,3110111
행당역 티카페,지하철역,행당역,티카페,3110111
응봉동 다원,행정동,응봉동,다원,3110111
행당역 다원,지하철역,행당역,다원,3110111
보광동 찻집,행정동,보광동,찻집,3110090
보광동 티룸,행정동,보광동,티룸,3110090
보광동 티하우스,행정동,보광동,티하우스,3110090
보광동 티카페,행정동,보광동,티카페,3110090
보광동 다원,행정동,보광동,다원,3110090
한남동 찻집,행정동,한남동,찻집,3110091
한남동 티룸,행정동,한남동,티룸,3110091
한남동 티하우스,행정동,한남동,티하우스,3110091
한남동 티카페,행정동,한남동,티카페,3110091
한남동 다원,행정동,한남동,다원,3110091
옥수역 찻집,지하철역,옥수역,찻집,3110098
옥수역 티룸,지하철역,옥수역,티룸,3110098
옥수역 티하우스,지하철역,옥수역,티하우스,3110098
옥수역 티카페,지하철역,옥수역,티카페,3110098
옥수역 다원,지하철역,옥수역,다원,3110098
옥수동 찻집,행정동,옥수동,찻집,3110100
옥수동 티룸,행정동,옥수동,티룸,3110100
옥수동 티하우스,행정동,옥수동,티하우스,3110100
옥수동 티카페,행정동,옥수동,티카페,3110100
옥수동 다원,행정동,옥수동,다원,3110100
금호4가동 찻집,행정동,금호4가동,찻집,3110103
금호역 찻집,지하철역,금호역,찻집,3110103
금호4가동 티룸,행정동,금호4가동,티룸,3110103
금호역 티룸,지하철역,금호역,티룸,3110103
금호4가동 티하우스,행정동,금호4가동,티하우스,3110103
금호역 티하우스,지하철역,금호역,티하우스,3110103
금호4가동 티카페,행정동,금호4가동,티카페,3110103
금호역 티카페,지하철역,금호역,티카페,3110103
금호4가동 다원,행정동,금호4가동,다원,3110103
금호역 다원,지하철역,금호역,다원,3110103
금호2?3가동 찻집,행정동,금호2?3가동,찻집,3110104
신금호역 찻집,지하철역,신금호역,찻집,3110104
금호2?3가동 티룸,행정동,금호2?3가동,티룸,3110104
신금호역 티룸,지하철역,신금호역,티룸,3110104
금호2?3가동 티하우스,행정동,금호2?3가동,티하우스,3110104
신금호역 티하우스,지하철역,신금호역,티하우스,3110104
금호2?3가동 티카페,행정동,금호2?3가동,티카페,3110104
신금호역 티카페,지하철역,신금호역,티카페,3110104
금호2?3가동 다원,행정동,금호2?3가동,다원,3110104
신금호역 다원,지하철역,신금호역,다원,3110104
금호1가동 찻집,행정동,금호1가동,찻집,3110108
금호1가동 티룸,행정동,금호1가동,티룸,3110108
금호1가동 티하우스,행정동,금호1가동,티하우스,3110108
금호1가동 티카페,행정동,금호1가동,티카페,3110108
금호1가동 다원,행정동,금호1가동,다원,3110108
성수1가2동 찻집,행정동,성수1가2동,찻집,3110129
뚝섬역 찻집,지하철역,뚝섬역,찻집,3110129
성수1가2동 티룸,행정동,성수1가2동,티룸,3110129
뚝섬역 티룸,지하철역,뚝섬역,티룸,3110129
성수1가2동 티하우스,행정동,성수1가2동,티하우스,3110129
뚝섬역 티하우스,지하철역,뚝섬역,티하우스,3110129
성수1가2동 티카페,행정동,성수1가2동,티카페,3110129
뚝섬역 티카페,지하철역,뚝섬역,티카페,3110129
성수1가2동 다원,행정동,성수1가2동,다원,3110129
뚝섬역 다원,지하철역,뚝섬역,다원,3110129
용답동 찻집,행정동,용답동,찻집,3110130
답십리역 찻집,지하철역,답십리역,찻집,3110130
용답동 티룸,행정동,용답동,티룸,3110130
답십리역 티룸,지하철역,답십리역,티룸,3110130
용답동 티하우스,행정동,용답동,티하우스,3110130
답십리역 티하우스,지하철역,답십리역,티하우스,3110130
용답동 티카페,행정동,용답동,티카페,3110130
답십리역 티카페,지하철역,답십리역,티카페,3110130
용답동 다원,행정동,용답동,다원,3110130
답십리역 다원,지하철역,답십리역,다원,3110130
성수2가1동 찻집,행정동,성수2가1동,찻집,3110131
성수역 찻집,지하철역,성수역,찻집,3110131
성수2가1동 티룸,행정동,성수2가1동,티룸,3110131
성수역 티룸,지하철역,성수역,티룸,3110131
성수2가1동 티하우스,행정동,성수2가1동,티하우스,3110131
성수역 티하우스,지하철역,성수역,티하우스,3110131
성수2가1동 티카페,행정동,성수2가1동,티카페,3110131
성수역 티카페,지하철역,성수역,티카페,3110131
성수2가1동 다원,행정동,성수2가1동,다원,3110131
성수역 다원,지하철역,성수역,다원,3110131
성수2가3동 찻집,행정동,성수2가3동,찻집,3110132
성수2가3동 티룸,행정동,성수2가3동,티룸,3110132
성수2가3동 티하우스,행정동,성수2가3동,티하우스,3110132
성수2가3동 티카페,행정동,성수2가3동,티카페,3110132
성수2가3동 다원,행정동,성수2가3동,다원,3110132
행당1동 찻집,행정동,행당1동,찻집,3110112
행당1동 티룸,행정동,행당1동,티룸,3110112
행당1동 티하우스,행정동,행당1동,티하우스,3110112
행당1동 티카페,행정동,행당1동,티카페,3110112
행당1동 다원,행정동,행당1동,다원,3110112
왕십리도선동 찻집,행정동,왕십리도선동,찻집,3110114
왕십리도선동 티룸,행정동,왕십리도선동,티룸,3110114
왕십리도선동 티하우스,행정동,왕십리도선동,티하우스,3110114
왕십리도선동 티카페,행정동,왕십리도선동,티카페,3110114
왕십리도선동 다원,행정동,왕십리도선동,다원,3110114
송정동 찻집,행정동,송정동,찻집,3110135
송정동 티룸,행정동,송정동,티룸,3110135
송정동 티하우스,행정동,송정동,티하우스,3110135
송정동 티카페,행정동,송정동,티카페,3110135
송정동 다원,행정동,송정동,다원,3110135
마장동 찻집,행정동,마장동,찻집,3110116
마장동 티룸,행정동,마장동,티룸,3110116
마장동 티하우스,행정동,마장동,티하우스,3110116
마장동 티카페,행정동,마장동,티카페,3110116
마장동 다원,행정동,마장동,다원,3110116
왕십리역 찻집,지하철역,왕십리역,찻집,3110118
왕십리역 티룸,지하철역,왕십리역,티룸,3110118
왕십리역 티하우스,지하철역,왕십리역,티하우스,3110118
왕십리역 티카페,지하철역,왕십리역,티카페,3110118
왕십리역 다원,지하철역,왕십리역,다원,3110118
마장역 찻집,지하철역,마장역,찻집,3110119
마장역 티룸,지하철역,마장역,티룸,3110119
마장역 티하우스,지하철역,마장역,티하우스,3110119
마장역 티카페,지하철역,마장역,티카페,3110119
마장역 다원,지하철역,마장역,다원,3110119
서울숲역 찻집,지하철역,서울숲역,찻집,3110120
서울숲역 티룸,지하철역,서울숲역,티룸,3110120
서울숲역 티하우스,지하철역,서울숲역,티하우스,3110120
서울숲역 티카페,지하철역,서울숲역,티카페,3110120
서울숲역 다원,지하철역,서울숲역,다원,3110120
사근동 찻집,행정동,사근동,찻집,3110121
한양대역 찻집,지하철역,한양대역,찻집,3110121
사근동 티룸,행정동,사근동,티룸,3110121
한양대역 티룸,지하철역,한양대역,티룸,3110121
사근동 티하우스,행정동,사근동,티하우스,3110121
한양대역 티하우스,지하철역,한양대역,티하우스,3110121
사근동 티카페,행정동,사근동,티카페,3110121
한양대역 티카페,지하철역,한양대역,티카페,3110121
사근동 다원,행정동,사근동,다원,3110121
한양대역 다원,지하철역,한양대역,다원,3110121
성수1가1동 찻집,행정동,성수1가1동,찻집,3110126
성수1가1동 티룸,행정동,성수1가1동,티룸,3110126
성수1가1동 티하우스,행정동,성수1가1동,티하우스,3110126
성수1가1동 티카페,행정동,성수1가1동,티카페,3110126
성수1가1동 다원,행정동,성수1가1동,다원,3110126
자양2동 찻집,행정동,자양2동,찻집,3110157
구의역 찻집,지하철역,구의역,찻집,3110157
자양2동 티룸,행정동,자양2동,티룸,3110157
구의역 티룸,지하철역,구의역,티룸,3110157
자양2동 티하우스,행정동,자양2동,티하우스,3110157
구의역 티하우스,지하철역,구의역,티하우스,3110157
자양2동 티카페,행정동,자양2동,티카페,3110157
구의역 티카페,지하철역,구의역,티카페,3110157
자양2동 다원,행정동,자양2동,다원,3110157
구의역 다원,지하철역,구의역,다원,3110157
중곡3동 찻집,행정동,중곡3동,찻집,3110158
중곡역 찻집,지하철역,중곡역,찻집,3110158
중곡3동 티룸,행정동,중곡3동,티룸,3110158
중곡역 티룸,지하철역,중곡역,티룸,3110158
중곡3동 티하우스,행정동,중곡3동,티하우스,3110158
중곡역 티하우스,지하철역,중곡역,티하우스,3110158
중곡3동 티카페,행정동,중곡3동,티카페,3110158
중곡역 티카페,지하철역,중곡역,티카페,3110158
중곡3동 다원,행정동,중곡3동,다원,3110158
중곡역 다원,지하철역,중곡역,다원,3110158
자양1동 찻집,행정동,자양1동,찻집,3110159
자양1동 티룸,행정동,자양1동,티룸,3110159
자양1동 티하우스,행정동,자양1동,티하우스,3110159
자양1동 티카페,행정동,자양1동,티카페,3110159
자양1동 다원,행정동,자양1동,다원,3110159
구의1동 찻집,행정동,구의1동,찻집,3110160
구의1동 티룸,행정동,구의1동,티룸,3110160
구의1동 티하우스,행정동,구의1동,티하우스,3110160
구의1동 티카페,행정동,구의1동,티카페,3110160
구의1동 다원,행정동,구의1동,다원,3110160
어린이대공원역 찻집,지하철역,어린이대공원역,찻집,3110138
어린이대공원역 티룸,지하철역,어린이대공원역,티룸,3110138
어린이대공원역 티하우스,지하철역,어린이대공원역,티하우스,3110138
어린이대공원역 티카페,지하철역,어린이대공원역,티카페,3110138
어린이대공원역 다원,지하철역,어린이대공원역,다원,3110138
자양4동 찻집,행정동,자양4동,찻집,3110139
뚝섬유원지역 찻집,지하철역,뚝섬유원지역,찻집,3110139
자양4동 티룸,행정동,자양4동,티룸,3110139
뚝섬유원지역 티룸,지하철역,뚝섬유원지역,티룸,3110139
자양4동 티하우스,행정동,자양4동,티하우스,3110139
뚝섬유원지역 티하우스,지하철역,뚝섬유원지역,티하우스,3110139
자양4동 티카페,행정동,자양4동,티카페,3110139
뚝섬유원지역 티카페,지하철역,뚝섬유원지역,티카페,3110139
자양4동 다원,행정동,자양4동,다원,3110139
뚝섬유원지역 다원,지하철역,뚝섬유원지역,다원,3110139
건대입구역 찻집,지하철역,건대입구역,찻집,3110140
건대입구역 티룸,지하철역,건대입구역,티룸,3110140
건대입구역 티하우스,지하철역,건대입구역,티하우스,3110140
건대입구역 티카페,지하철역,건대입구역,티카페,3110140
건대입구역 다원,지하철역,건대입구역,다원,3110140
화양동 찻집,행정동,화양동,찻집,3110141
화양동 티룸,행정동,화양동,티룸,3110141
화양동 티하우스,행정동,화양동,티하우스,3110141
화양동 티카페,행정동,화양동,티카페,3110141
화양동 다원,행정동,화양동,다원,3110141
군자동 찻집,행정동,군자동,찻집,3110145
군자동 티룸,행정동,군자동,티룸,3110145
군자동 티하우스,행정동,군자동,티하우스,3110145
군자동 티카페,행정동,군자동,티카페,3110145
군자동 다원,행정동,군자동,다원,3110145
자양3동 찻집,행정동,자양3동,찻집,3110146
자양3동 티룸,행정동,자양3동,티룸,3110146
자양3동 티하우스,행정동,자양3동,티하우스,3110146
자양3동 티카페,행정동,자양3동,티카페,3110146
자양3동 다원,행정동,자양3동,다원,3110146
군자역 찻집,지하철역,군자역,찻집,3110147
군자역 티룸,지하철역,군자역,티룸,3110147
군자역 티하우스,지하철역,군자역,티하우스,3110147
군자역 티카페,지하철역,군자역,티카페,3110147
군자역 다원,지하철역,군자역,다원,3110147
중곡1동 찻집,행정동,중곡1동,찻집,3110150
중곡1동 티룸,행정동,중곡1동,티룸,3110150
중곡1동 티하우스,행정동,중곡1동,티하우스,3110150
중곡1동 티카페,행정동,중곡1동,티카페,3110150
중곡1동 다원,행정동,중곡1동,다원,3110150
능동 찻집,행정동,능동,찻집,3110156
능동 티룸,행정동,능동,티룸,3110156
능동 티하우스,행정동,능동,티하우스,3110156
능동 티카페,행정동,능동,티카페,3110156
능동 다원,행정동,능동,다원,3110156
중곡4동 찻집,행정동,중곡4동,찻집,3110174
아차산역 찻집,지하철역,아차산역,찻집,3110174
중곡4동 티룸,행정동,중곡4동,티룸,3110174
아차산역 티룸,지하철역,아차산역,티룸,3110174
중곡4동 티하우스,행정동,중곡4동,티하우스,3110174
아차산역 티하우스,지하철역,아차산역,티하우스,3110174
중곡4동 티카페,행정동,중곡4동,티카페,3110174
아차산역 티카페,지하철역,아차산역,티카페,3110174
중곡4동 다원,행정동,중곡4동,다원,3110174
아차산역 다원,지하철역,아차산역,다원,3110174
구의3동 찻집,행정동,구의3동,찻집,3110175
구의3동 티룸,행정동,구의3동,티룸,3110175
구의3동 티하우스,행정동,구의3동,티하우스,3110175
구의3동 티카페,행정동,구의3동,티카페,3110175
구의3동 다원,행정동,구의3동,다원,3110175
광장동 찻집,행정동,광장동,찻집,3110178
광나루역 찻집,지하철역,광나루역,찻집,3110178
광장동 티룸,행정동,광장동,티룸,3110178
광나루역 티룸,지하철역,광나루역,티룸,3110178
광장동 티하우스,행정동,광장동,티하우스,3110178
광나루역 티하우스,지하철역,광나루역,티하우스,3110178
광장동 티카페,행정동,광장동,티카페,3110178
광나루역 티카페,지하철역,광나루역,티카페,3110178
광장동 다원,행정동,광장동,다원,3110178
광나루역 다원,지하철역,광나루역,다원,3110178
중곡2동 찻집,행정동,중곡2동,찻집,3110162
중곡2동 티룸,행정동,중곡2동,티룸,3110162
중곡2동 티하우스,행정동,중곡2동,티하우스,3110162
중곡2동 티카페,행정동,중곡2동,티카페,3110162
중곡2동 다원,행정동,중곡2동,다원,3110162
구의2동 찻집,행정동,구의2동,찻집,3110177
구의2동 티룸,행정동,구의2동,티룸,3110177
구의2동 티하우스,행정동,구의2동,티하우스,3110177
구의2동 티카페,행정동,구의2동,티카페,3110177
구의2동 다원,행정동,구의2동,다원,3110177
용신동 찻집,행정동,용신동,찻집,3110181
용신동 티룸,행정동,용신동,티룸,3110181
용신동 티하우스,행정동,용신동,티하우스,3110181
용신동 티카페,행정동,용신동,티카페,3110181
용신동 다원,행정동,용신동,다원,3110181
전농1동 찻집,행정동,전농1동,찻집,3110206
회기역 찻집,지하철역,회기역,찻집,3110206
전농1동 티룸,행정동,전농1동,티룸,3110206
회기역 티룸,지하철역,회기역,티룸,3110206
전농1동 티하우스,행정동,전농1동,티하우스,3110206
회기역 티하우스,지하철역,회기역,티하우스,3110206
전농1동 티카페,행정동,전농1동,티카페,3110206
회기역 티카페,지하철역,회기역,티카페,3110206
전농1동 다원,행정동,전농1동,다원,3110206
회기역 다원,지하철역,회기역,다원,3110206
회기동 찻집,행정동,회기동,찻집,3110208
회기동 티룸,행정동,회기동,티룸,3110208
회기동 티하우스,행정동,회기동,티하우스,3110208
회기동 티카페,행정동,회기동,티카페,3110208
회기동 다원,행정동,회기동,다원,3110208
답십리1동 찻집,행정동,답십리1동,찻집,3110209
답십리1동 티룸,행정동,답십리1동,티룸,3110209
답십리1동 티하우스,행정동,답십리1동,티하우스,3110209
답십리1동 티카페,행정동,답십리1동,티카페,3110209
답십리1동 다원,행정동,답십리1동,다원,3110209
제기동 찻집,행정동,제기동,찻집,3110186
안암역 찻집,지하철역,안암역,찻집,3110186
제기동 티룸,행정동,제기동,티룸,3110186
안암역 티룸,지하철역,안암역,티룸,3110186
제기동 티하우스,행정동,제기동,티하우스,3110186
안암역 티하우스,지하철역,안암역,티하우스,3110186
제기동 티카페,행정동,제기동,티카페,3110186
안암역 티카페,지하철역,안암역,티카페,3110186
제기동 다원,행정동,제기동,다원,3110186
안암역 다원,지하철역,안암역,다원,3110186
제기동역 찻집,지하철역,제기동역,찻집,3110187
제기동역 티룸,지하철역,제기동역,티룸,3110187
제기동역 티하우스,지하철역,제기동역,티하우스,3110187
제기동역 티카페,지하철역,제기동역,티카페,3110187
제기동역 다원,지하철역,제기동역,다원,3110187
청량리동 찻집,행정동,청량리동,찻집,3110196
고려대역 찻집,지하철역,고려대역,찻집,3110196
청량리동 티룸,행정동,청량리동,티룸,3110196
고려대역 티룸,지하철역,고려대역,티룸,3110196
청량리동 티하우스,행정동,청량리동,티하우스,3110196
고려대역 티하우스,지하철역,고려대역,티하우스,3110196
청량리동 티카페,행정동,청량리동,티카페,3110196
고려대역 티카페,지하철역,고려대역,티카페,3110196
청량리동 다원,행정동,청량리동,다원,3110196
고려대역 다원,지하철역,고려대역,다원,3110196
장안2동 찻집,행정동,장안2동,찻집,3110228
장안2동 티룸,행정동,장안2동,티룸,3110228
장안2동 티하우스,행정동,장안2동,티하우스,3110228
장안2동 티카페,행정동,장안2동,티카페,3110228
장안2동 다원,행정동,장안2동,다원,3110228
장안1동 찻집,행정동,장안1동,찻집,3110229
장안1동 티룸,행정동,장안1동,티룸,3110229
장안1동 티하우스,행정동,장안1동,티하우스,3110229
장안1동 티카페,행정동,장안1동,티카페,3110229
장안1동 다원,행정동,장안1동,다원,3110229
사가정역 찻집,지하철역,사가정역,찻집,3110231
사가정역 티룸,지하철역,사가정역,티룸,3110231
사가정역 티하우스,지하철역,사가정역,티하우스,3110231
사가정역 티카페,지하철역,사가정역,티카페,3110231
사가정역 다원,지하철역,사가정역,다원,3110231
휘경1동 찻집,행정동,휘경1동,찻집,3110224
외대앞역 찻집,지하철역,외대앞역,찻집,3110224
휘경1동 티룸,행정동,휘경1동,티룸,3110224
외대앞역 티룸,지하철역,외대앞역,티룸,3110224
휘경1동 티하우스,행정동,휘경1동,티하우스,3110224
외대앞역 티하우스,지하철역,외대앞역,티하우스,3110224
휘경1동 티카페,행정동,휘경1동,티카페,3110224
외대앞역 티카페,지하철역,외대앞역,티카페,3110224
휘경1동 다원,행정동,휘경1동,다원,3110224
외대앞역 다원,지하철역,외대앞역,다원,3110224
답십리2동 찻집,행정동,답십리2동,찻집,3110225
답십리2동 티룸,행정동,답십리2동,티룸,3110225
답십리2동 티하우스,행정동,답십리2동,티하우스,3110225
답십리2동 티카페,행정동,답십리2동,티카페,3110225
답십리2동 다원,행정동,답십리2동,다원,3110225
이문1동 찻집,행정동,이문1동,찻집,3110213
이문1동 티룸,행정동,이문1동,티룸,3110213
이문1동 티하우스,행정동,이문1동,티하우스,3110213
이문1동 티카페,행정동,이문1동,티카페,3110213
이문1동 다원,행정동,이문1동,다원,3110213
전농2동 찻집,행정동,전농2동,찻집,3110216
전농2동 티룸,행정동,전농2동,티룸,3110216
전농2동 티하우스,행정동,전농2동,티하우스,3110216
전농2동 티카페,행정동,전농2동,티카페,3110216
전농2동 다원,행정동,전농2동,다원,3110216
휘경2동 찻집,행정동,휘경2동,찻집,3110219
휘경2동 티룸,행정동,휘경2동,티룸,3110219
휘경2동 티하우스,행정동,휘경2동,티하우스,3110219
휘경2동 티카페,행정동,휘경2동,티카페,3110219
휘경2동 다원,행정동,휘경2동,다원,3110219
석관동 찻집,행정동,석관동,찻집,3110221
돌곶이역 찻집,지하철역,돌곶이역,찻집,3110221
석관동 티룸,행정동,석관동,티룸,3110221
돌곶이역 티룸,지하철역,돌곶이역,티룸,3110221
석관동 티하우스,행정동,석관동,티하우스,3110221
돌곶이역 티하우스,지하철역,돌곶이역,티하우스,3110221
석관동 티카페,행정동,석관동,티카페,3110221
돌곶이역 티카페,지하철역,돌곶이역,티카페,3110221
석관동 다원,행정동,석관동,다원,3110221
돌곶이역 다원,지하철역,돌곶이역,다원,3110221
면목7동 찻집,행정동,면목7동,찻집,3110254
면목7동 티룸,행정동,면목7동,티룸,3110254
면목7동 티하우스,행정동,면목7동,티하우스,3110254
면목7동 티카페,행정동,면목7동,티카페,3110254
면목7동 다원,행정동,면목7동,다원,3110254
상봉2동 찻집,행정동,상봉2동,찻집,3110255
상봉역 찻집,지하철역,상봉역,찻집,3110255
상봉2동 티룸,행정동,상봉2동,티룸,3110255
상봉역 티룸,지하철역,상봉역,티룸,3110255
상봉2동 티하우스,행정동,상봉2동,티하우스,3110255
상봉역 티하우스,지하철역,상봉역,티하우스,3110255
상봉2동 티카페,행정동,상봉2동,티카페,3110255
상봉역 티카페,지하철역,상봉역,티카페,3110255
상봉2동 다원,행정동,상봉2동,다원,3110255
상봉역 다원,지하철역,상봉역,다원,3110255
중화2동 찻집,행정동,중화2동,찻집,3110233
중랑역 찻집,지하철역,중랑역,찻집,3110233
중화2동 티룸,행정동,중화2동,티룸,3110233
중랑역 티룸,지하철역,중랑역,티룸,3110233
중화2동 티하우스,행정동,중화2동,티하우스,3110233
중랑역 티하우스,지하철역,중랑역,티하우스,3110233
중화2동 티카페,행정동,중화2동,티카페,3110233
중랑역 티카페,지하철역,중랑역,티카페,3110233
중화2동 다원,행정동,중화2동,다원,3110233
중랑역 다원,지하철역,중랑역,다원,3110233
묵2동 찻집,행정동,묵2동,찻집,3110236
먹골역 찻집,지하철역,먹골역,찻집,3110236
묵2동 티룸,행정동,묵2동,티룸,3110236
먹골역 티룸,지하철역,먹골역,티룸,3110236
묵2동 티하우스,행정동,묵2동,티하우스,3110236
먹골역 티하우스,지하철역,먹골역,티하우스,3110236
묵2동 티카페,행정동,묵2동,티카페,3110236
먹골역 티카페,지하철역,먹골역,티카페,3110236
묵2동 다원,행정동,묵2동,다원,3110236
먹골역 다원,지하철역,먹골역,다원,3110236
면목2동 찻집,행정동,면목2동,찻집,3110237
면목2동 티룸,행정동,면목2동,티룸,3110237
면목2동 티하우스,행정동,면목2동,티하우스,3110237
면목2동 티카페,행정동,면목2동,티카페,3110237
면목2동 다원,행정동,면목2동,다원,3110237
중화역 찻집,지하철역,중화역,찻집,3110238
중화역 티룸,지하철역,중화역,티룸,3110238
중화역 티하우스,지하철역,중화역,티하우스,3110238
중화역 티카페,지하철역,중화역,티카페,3110238
중화역 다원,지하철역,중화역,다원,3110238
묵1동 찻집,행정동,묵1동,찻집,3110247
묵1동 티룸,행정동,묵1동,티룸,3110247
묵1동 티하우스,행정동,묵1동,티하우스,3110247
묵1동 티카페,행정동,묵1동,티카페,3110247
묵1동 다원,행정동,묵1동,다원,3110247
중화1동 찻집,행정동,중화1동,찻집,3110249
중화1동 티룸,행정동,중화1동,티룸,3110249
중화1동 티하우스,행정동,중화1동,티하우스,3110249
중화1동 티카페,행정동,중화1동,티카페,3110249
중화1동 다원,행정동,중화1동,다원,3110249
화랑대역 찻집,지하철역,화랑대역,찻집,3110250
화랑대역 티룸,지하철역,화랑대역,티룸,3110250
화랑대역 티하우스,지하철역,화랑대역,티하우스,3110250
화랑대역 티카페,지하철역,화랑대역,티카페,3110250
화랑대역 다원,지하철역,화랑대역,다원,3110250
면목5동 찻집,행정동,면목5동,찻집,3110242
면목역 찻집,지하철역,면목역,찻집,3110242
면목5동 티룸,행정동,면목5동,티룸,3110242
면목역 티룸,지하철역,면목역,티룸,3110242
면목5동 티하우스,행정동,면목5동,티하우스,3110242
면목역 티하우스,지하철역,면목역,티하우스,3110242
면목5동 티카페,행정동,면목5동,티카페,3110242
면목역 티카페,지하철역,면목역,티카페,3110242
면목5동 다원,행정동,면목5동,다원,3110242
면목역 다원,지하철역,면목역,다원,3110242
면목4동 찻집,행정동,면목4동,찻집,3110253
면목4동 티룸,행정동,면목4동,티룸,3110253
면목4동 티하우스,행정동,면목4동,티하우스,3110253
면목4동 티카페,행정동,면목4동,티카페,3110253
면목4동 다원,행정동,면목4동,다원,3110253
망우본동 찻집,행정동,망우본동,찻집,3110277
망우역 찻집,지하철역,망우역,찻집,3110277
망우본동 티룸,행정동,망우본동,티룸,3110277
망우역 티룸,지하철역,망우역,티룸,3110277
망우본동 티하우스,행정동,망우본동,티하우스,3110277
망우역 티하우스,지하철역,망우역,티하우스,3110277
망우본동 티카페,행정동,망우본동,티카페,3110277
망우역 티카페,지하철역,망우역,티카페,3110277
망우본동 다원,행정동,망우본동,다원,3110277
망우역 다원,지하철역,망우역,다원,3110277
신내1동 찻집,행정동,신내1동,찻집,3110272
신내역 찻집,지하철역,신내역,찻집,3110272
신내1동 티룸,행정동,신내1동,티룸,3110272
신내역 티룸,지하철역,신내역,티룸,3110272
신내1동 티하우스,행정동,신내1동,티하우스,3110272
신내역 티하우스,지하철역,신내역,티하우스,3110272
신내1동 티카페,행정동,신내1동,티카페,3110272
신내역 티카페,지하철역,신내역,티카페,3110272
신내1동 다원,행정동,신내1동,다원,3110272
신내역 다원,지하철역,신내역,다원,3110272
상봉1동 찻집,행정동,상봉1동,찻집,3110257
상봉1동 티룸,행정동,상봉1동,티룸,3110257
상봉1동 티하우스,행정동,상봉1동,티하우스,3110257
상봉1동 티카페,행정동,상봉1동,티카페,3110257
상봉1동 다원,행정동,상봉1동,다원,3110257
면목본동 찻집,행정동,면목본동,찻집,3110258
면목본동 티룸,행정동,면목본동,티룸,3110258
면목본동 티하우스,행정동,면목본동,티하우스,3110258
면목본동 티카페,행정동,면목본동,티카페,3110258
면목본동 다원,행정동,면목본동,다원,3110258
면목3?8동 찻집,행정동,면목3?8동,찻집,3110259
면목3?8동 티룸,행정동,면목3?8동,티룸,3110259
면목3?8동 티하우스,행정동,면목3?8동,티하우스,3110259
면목3?8동 티카페,행정동,면목3?8동,티카페,3110259
면목3?8동 다원,행정동,면목3?8동,다원,3110259
망우3동 찻집,행정동,망우3동,찻집,3110268
망우3동 티룸,행정동,망우3동,티룸,3110268
망우3동 티하우스,행정동,망우3동,티하우스,3110268
망우3동 티카페,행정동,망우3동,티카페,3110268
망우3동 다원,행정동,망우3동,다원,3110268
종암동 찻집,행정동,종암동,찻집,3110320
종암동 티룸,행정동,종암동,티룸,3110320
종암동 티하우스,행정동,종암동,티하우스,3110320
종암동 티카페,행정동,종암동,티카페,3110320
종암동 다원,행정동,종암동,다원,3110320
월곡1동 찻집,행정동,월곡1동,찻집,3110321
월곡역 찻집,지하철역,월곡역,찻집,3110321
월곡1동 티룸,행정동,월곡1동,티룸,3110321
월곡역 티룸,지하철역,월곡역,티룸,3110321
월곡1동 티하우스,행정동,월곡1동,티하우스,3110321
월곡역 티하우스,지하철역,월곡역,티하우스,3110321
월곡1동 티카페,행정동,월곡1동,티카페,3110321
월곡역 티카페,지하철역,월곡역,티카페,3110321
월곡1동 다원,행정동,월곡1동,다원,3110321
월곡역 다원,지하철역,월곡역,다원,3110321
장위1동 찻집,행정동,장위1동,찻집,3110322
미아사거리역 찻집,지하철역,미아사거리역,찻집,3110322
장위1동 티룸,행정동,장위1동,티룸,3110322
미아사거리역 티룸,지하철역,미아사거리역,티룸,3110322
장위1동 티하우스,행정동,장위1동,티하우스,3110322
미아사거리역 티하우스,지하철역,미아사거리역,티하우스,3110322
장위1동 티카페,행정동,장위1동,티카페,3110322
미아사거리역 티카페,지하철역,미아사거리역,티카페,3110322
장위1동 다원,행정동,장위1동,다원,3110322
미아사거리역 다원,지하철역,미아사거리역,다원,3110322
월곡2동 찻집,행정동,월곡2동,찻집,3110323
상월곡역 찻집,지하철역,상월곡역,찻집,3110323
월곡2동 티룸,행정동,월곡2동,티룸,3110323
상월곡역 티룸,지하철역,상월곡역,티룸,3110323
월곡2동 티하우스,행정동,월곡2동,티하우스,3110323
상월곡역 티하우스,지하철역,상월곡역,티하우스,3110323
월곡2동 티카페,행정동,월곡2동,티카페,3110323
상월곡역 티카페,지하철역,상월곡역,티카페,3110323
월곡2동 다원,행정동,월곡2동,다원,3110323
상월곡역 다원,지하철역,상월곡역,다원,3110323
성북동 찻집,행정동,성북동,찻집,3110280
성북동 티룸,행정동,성북동,티룸,3110280
성북동 티하우스,행정동,성북동,티하우스,3110280
성북동 티카페,행정동,성북동,티카페,3110280
성북동 다원,행정동,성북동,다원,3110280
정릉3동 찻집,행정동,정릉3동,찻집,3110282
정릉3동 티룸,행정동,정릉3동,티룸,3110282
정릉3동 티하우스,행정동,정릉3동,티하우스,3110282
정릉3동 티카페,행정동,정릉3동,티카페,3110282
정릉3동 다원,행정동,정릉3동,다원,3110282
정릉4동 찻집,행정동,정릉4동,찻집,3110284
정릉4동 티룸,행정동,정릉4동,티룸,3110284
정릉4동 티하우스,행정동,정릉4동,티하우스,3110284
정릉4동 티카페,행정동,정릉4동,티카페,3110284
정릉4동 다원,행정동,정릉4동,다원,3110284
정릉1동 찻집,행정동,정릉1동,찻집,3110298
정릉역 찻집,지하철역,정릉역,찻집,3110298
정릉1동 티룸,행정동,정릉1동,티룸,3110298
정릉역 티룸,지하철역,정릉역,티룸,3110298
정릉1동 티하우스,행정동,정릉1동,티하우스,3110298
정릉역 티하우스,지하철역,정릉역,티하우스,3110298
정릉1동 티카페,행정동,정릉1동,티카페,3110298
정릉역 티카페,지하철역,정릉역,티카페,3110298
정릉1동 다원,행정동,정릉1동,다원,3110298
정릉역 다원,지하철역,정릉역,다원,3110298
안암동 찻집,행정동,안암동,찻집,3110300
보문역 찻집,지하철역,보문역,찻집,3110300
안암동 티룸,행정동,안암동,티룸,3110300
보문역 티룸,지하철역,보문역,티룸,3110300
안암동 티하우스,행정동,안암동,티하우스,3110300
보문역 티하우스,지하철역,보문역,티하우스,3110300
안암동 티카페,행정동,안암동,티카페,3110300
보문역 티카페,지하철역,보문역,티카페,3110300
안암동 다원,행정동,안암동,다원,3110300
보문역 다원,지하철역,보문역,다원,3110300
동선동 찻집,행정동,동선동,찻집,3110301
성신여대입구역 찻집,지하철역,성신여대입구역,찻집,3110301
동선동 티룸,행정동,동선동,티룸,3110301
성신여대입구역 티룸,지하철역,성신여대입구역,티룸,3110301
동선동 티하우스,행정동,동선동,티하우스,3110301
성신여대입구역 티하우스,지하철역,성신여대입구역,티하우스,3110301
동선동 티카페,행정동,동선동,티카페,3110301
성신여대입구역 티카페,지하철역,성신여대입구역,티카페,3110301
동선동 다원,행정동,동선동,다원,3110301
성신여대입구역 다원,지하철역,성신여대입구역,다원,3110301
보문동 찻집,행정동,보문동,찻집,3110302
보문동 티룸,행정동,보문동,티룸,3110302
보문동 티하우스,행정동,보문동,티하우스,3110302
보문동 티카페,행정동,보문동,티카페,3110302
보문동 다원,행정동,보문동,다원,3110302
길음1동 찻집,행정동,길음1동,찻집,3110306
길음역 찻집,지하철역,길음역,찻집,3110306
길음1동 티룸,행정동,길음1동,티룸,3110306
길음역 티룸,지하철역,길음역,티룸,3110306
길음1동 티하우스,행정동,길음1동,티하우스,3110306
길음역 티하우스,지하철역,길음역,티하우스,3110306
길음1동 티카페,행정동,길음1동,티카페,3110306
길음역 티카페,지하철역,길음역,티카페,3110306
길음1동 다원,행정동,길음1동,다원,3110306
길음역 다원,지하철역,길음역,다원,3110306
길음2동 찻집,행정동,길음2동,찻집,3110308
길음2동 티룸,행정동,길음2동,티룸,3110308
길음2동 티하우스,행정동,길음2동,티하우스,3110308
길음2동 티카페,행정동,길음2동,티카페,3110308
길음2동 다원,행정동,길음2동,다원,3110308
삼선동 찻집,행정동,삼선동,찻집,3110291
삼선동 티룸,행정동,삼선동,티룸,3110291
삼선동 티하우스,행정동,삼선동,티하우스,3110291
삼선동 티카페,행정동,삼선동,티카페,3110291
삼선동 다원,행정동,삼선동,다원,3110291
정릉2동 찻집,행정동,정릉2동,찻집,3110292
정릉2동 티룸,행정동,정릉2동,티룸,3110292
정릉2동 티하우스,행정동,정릉2동,티하우스,3110292
정릉2동 티카페,행정동,정릉2동,티카페,3110292
정릉2동 다원,행정동,정릉2동,다원,3110292
수유2동 찻집,행정동,수유2동,찻집,3110353
4.19민주묘지역 찻집,지하철역,4.19민주묘지역,찻집,3110353
수유2동 티룸,행정동,수유2동,티룸,3110353
4.19민주묘지역 티룸,지하철역,4.19민주묘지역,티룸,3110353
수유2동 티하우스,행정동,수유2동,티하우스,3110353
4.19민주묘지역 티하우스,지하철역,4.19민주묘지역,티하우스,3110353
수유2동 티카페,행정동,수유2동,티카페,3110353
4.19민주묘지역 티카페,지하철역,4.19민주묘지역,티카페,3110353
수유2동 다원,행정동,수유2동,다원,3110353
4.19민주묘지역 다원,지하철역,4.19민주묘지역,다원,3110353
삼각산동 찻집,행정동,삼각산동,찻집,3110354
삼양사거리역 찻집,지하철역,삼양사거리역,찻집,3110354
삼각산동 티룸,행정동,삼각산동,티룸,3110354
삼양사거리역 티룸,지하철역,삼양사거리역,티룸,3110354
삼각산동 티하우스,행정동,삼각산동,티하우스,3110354
삼양사거리역 티하우스,지하철역,삼양사거리역,티하우스,3110354
삼각산동 티카페,행정동,삼각산동,티카페,3110354
삼양사거리역 티카페,지하철역,삼양사거리역,티카페,3110354
삼각산동 다원,행정동,삼각산동,다원,3110354
삼양사거리역 다원,지하철역,삼양사거리역,다원,3110354
삼양동 찻집,행정동,삼양동,찻집,3110347
삼양동 티룸,행정동,삼양동,티룸,3110347
삼양동 티하우스,행정동,삼양동,티하우스,3110347
삼양동 티카페,행정동,삼양동,티카페,3110347
삼양동 다원,행정동,삼양동,다원,3110347
인수동 찻집,행정동,인수동,찻집,3110348
가오리역 찻집,지하철역,가오리역,찻집,3110348
인수동 티룸,행정동,인수동,티룸,3110348
가오리역 티룸,지하철역,가오리역,티룸,3110348
인수동 티하우스,행정동,인수동,티하우스,3110348
가오리역 티하우스,지하철역,가오리역,티하우스,3110348
인수동 티카페,행정동,인수동,티카페,3110348
가오리역 티카페,지하철역,가오리역,티카페,3110348
인수동 다원,행정동,인수동,다원,3110348
가오리역 다원,지하철역,가오리역,다원,3110348
수유1동 찻집,행정동,수유1동,찻집,3110349
화계역 찻집,지하철역,화계역,찻집,3110349
수유1동 티룸,행정동,수유1동,티룸,3110349
화계역 티룸,지하철역,화계역,티룸,3110349
수유1동 티하우스,행정동,수유1동,티하우스,3110349
화계역 티하우스,지하철역,화계역,티하우스,3110349
수유1동 티카페,행정동,수유1동,티카페,3110349
화계역 티카페,지하철역,화계역,티카페,3110349
수유1동 다원,행정동,수유1동,다원,3110349
화계역 다원,지하철역,화계역,다원,3110349
장위2동 찻집,행정동,장위2동,찻집,3110327
장위2동 티룸,행정동,장위2동,티룸,3110327
장위2동 티하우스,행정동,장위2동,티하우스,3110327
장위2동 티카페,행정동,장위2동,티카페,3110327
장위2동 다원,행정동,장위2동,다원,3110327
석계역 찻집,지하철역,석계역,찻집,3110335
석계역 티룸,지하철역,석계역,티룸,3110335
석계역 티하우스,지하철역,석계역,티하우스,3110335
석계역 티카페,지하철역,석계역,티카페,3110335
석계역 다원,지하철역,석계역,다원,3110335
우이동 찻집,행정동,우이동,찻집,3110339
우이동 티룸,행정동,우이동,티룸,3110339
우이동 티하우스,행정동,우이동,티하우스,3110339
우이동 티카페,행정동,우이동,티카페,3110339
우이동 다원,행정동,우이동,다원,3110339
북한산우이역 찻집,지하철역,북한산우이역,찻집,3110341
북한산우이역 티룸,지하철역,북한산우이역,티룸,3110341
북한산우이역 티하우스,지하철역,북한산우이역,티하우스,3110341
북한산우이역 티카페,지하철역,북한산우이역,티카페,3110341
북한산우이역 다원,지하철역,북한산우이역,다원,3110341
수유3동 찻집,행정동,수유3동,찻집,3110366
수유역 찻집,지하철역,수유역,찻집,3110366
수유3동 티룸,행정동,수유3동,티룸,3110366
수유역 티룸,지하철역,수유역,티룸,3110366
수유3동 티하우스,행정동,수유3동,티하우스,3110366
수유역 티하우스,지하철역,수유역,티하우스,3110366
수유3동 티카페,행정동,수유3동,티카페,3110366
수유역 티카페,지하철역,수유역,티카페,3110366
수유3동 다원,행정동,수유3동,다원,3110366
수유역 다원,지하철역,수유역,다원,3110366
솔밭공원역 찻집,지하철역,솔밭공원역,찻집,3110345
솔밭공원역 티룸,지하철역,솔밭공원역,티룸,3110345
솔밭공원역 티하우스,지하철역,솔밭공원역,티하우스,3110345
솔밭공원역 티카페,지하철역,솔밭공원역,티카페,3110345
솔밭공원역 다원,지하철역,솔밭공원역,다원,3110345
송천동 찻집,행정동,송천동,찻집,3110371
송천동 티룸,행정동,송천동,티룸,3110371
송천동 티하우스,행정동,송천동,티하우스,3110371
송천동 티카페,행정동,송천동,티카페,3110371
송천동 다원,행정동,송천동,다원,3110371
미아동 찻집,행정동,미아동,찻집,3110364
미아역 찻집,지하철역,미아역,찻집,3110364
미아동 티룸,행정동,미아동,티룸,3110364
미아역 티룸,지하철역,미아역,티룸,3110364
미아동 티하우스,행정동,미아동,티하우스,3110364
미아역 티하우스,지하철역,미아역,티하우스,3110364
미아동 티카페,행정동,미아동,티카페,3110364
미아역 티카페,지하철역,미아역,티카페,3110364
미아동 다원,행정동,미아동,다원,3110364
미아역 다원,지하철역,미아역,다원,3110364
창1동 찻집,행정동,창1동,찻집,3110396
창동역 찻집,지하철역,창동역,찻집,3110396
창1동 티룸,행정동,창1동,티룸,3110396
창동역 티룸,지하철역,창동역,티룸,3110396
창1동 티하우스,행정동,창1동,티하우스,3110396
창동역 티하우스,지하철역,창동역,티하우스,3110396
창1동 티카페,행정동,창1동,티카페,3110396
창동역 티카페,지하철역,창동역,티카페,3110396
창1동 다원,행정동,창1동,다원,3110396
창동역 다원,지하철역,창동역,다원,3110396
도봉1동 찻집,행정동,도봉1동,찻집,3110397
도봉역 찻집,지하철역,도봉역,찻집,3110397
도봉1동 티룸,행정동,도봉1동,티룸,3110397
도봉역 티룸,지하철역,도봉역,티룸,3110397
도봉1동 티하우스,행정동,도봉1동,티하우스,3110397
도봉역 티하우스,지하철역,도봉역,티하우스,3110397
도봉1동 티카페,행정동,도봉1동,티카페,3110397
도봉역 티카페,지하철역,도봉역,티카페,3110397
도봉1동 다원,행정동,도봉1동,다원,3110397
도봉역 다원,지하철역,도봉역,다원,3110397
쌍문2동 찻집,행정동,쌍문2동,찻집,3110398
쌍문2동 티룸,행정동,쌍문2동,티룸,3110398
쌍문2동 티하우스,행정동,쌍문2동,티하우스,3110398
쌍문2동 티카페,행정동,쌍문2동,티카페,3110398
쌍문2동 다원,행정동,쌍문2동,다원,3110398
창2동 찻집,행정동,창2동,찻집,3110399
창2동 티룸,행정동,창2동,티룸,3110399
창2동 티하우스,행정동,창2동,티하우스,3110399
창2동 티카페,행정동,창2동,티카페,3110399
창2동 다원,행정동,창2동,다원,3110399
방학2동 찻집,행정동,방학2동,찻집,3110390
방학역 찻집,지하철역,방학역,찻집,3110390
방학2동 티룸,행정동,방학2동,티룸,3110390
방학역 티룸,지하철역,방학역,티룸,3110390
방학2동 티하우스,행정동,방학2동,티하우스,3110390
방학역 티하우스,지하철역,방학역,티하우스,3110390
방학2동 티카페,행정동,방학2동,티카페,3110390
방학역 티카페,지하철역,방학역,티카페,3110390
방학2동 다원,행정동,방학2동,다원,3110390
방학역 다원,지하철역,방학역,다원,3110390
쌍문4동 찻집,행정동,쌍문4동,찻집,3110392
쌍문4동 티룸,행정동,쌍문4동,티룸,3110392
쌍문4동 티하우스,행정동,쌍문4동,티하우스,3110392
쌍문4동 티카페,행정동,쌍문4동,티카페,3110392
쌍문4동 다원,행정동,쌍문4동,다원,3110392
방학3동 찻집,행정동,방학3동,찻집,3110393
방학3동 티룸,행정동,방학3동,티룸,3110393
방학3동 티하우스,행정동,방학3동,티하우스,3110393
방학3동 티카페,행정동,방학3동,티카페,3110393
방학3동 다원,행정동,방학3동,다원,3110393
번1동 찻집,행정동,번1동,찻집,3110373
번1동 티룸,행정동,번1동,티룸,3110373
번1동 티하우스,행정동,번1동,티하우스,3110373
번1동 티카페,행정동,번1동,티카페,3110373
번1동 다원,행정동,번1동,다원,3110373
송중동 찻집,행정동,송중동,찻집,3110374
송중동 티룸,행정동,송중동,티룸,3110374
송중동 티하우스,행정동,송중동,티하우스,3110374
송중동 티카페,행정동,송중동,티카페,3110374
송중동 다원,행정동,송중동,다원,3110374
번2동 찻집,행정동,번2동,찻집,3110375
번2동 티룸,행정동,번2동,티룸,3110375
번2동 티하우스,행정동,번2동,티하우스,3110375
번2동 티카페,행정동,번2동,티카페,3110375
번2동 다원,행정동,번2동,다원,3110375
번3동 찻집,행정동,번3동,찻집,3110381
월계역 찻집,지하철역,월계역,찻집,3110381
번3동 티룸,행정동,번3동,티룸,3110381
월계역 티룸,지하철역,월계역,티룸,3110381
번3동 티하우스,행정동,번3동,티하우스,3110381
월계역 티하우스,지하철역,월계역,티하우스,3110381
번3동 티카페,행정동,번3동,티카페,3110381
월계역 티카페,지하철역,월계역,티카페,3110381
번3동 다원,행정동,번3동,다원,3110381
월계역 다원,지하철역,월계역,다원,3110381
쌍문1동 찻집,행정동,쌍문1동,찻집,3110382
쌍문1동 티룸,행정동,쌍문1동,티룸,3110382
쌍문1동 티하우스,행정동,쌍문1동,티하우스,3110382
쌍문1동 티카페,행정동,쌍문1동,티카페,3110382
쌍문1동 다원,행정동,쌍문1동,다원,3110382
신길5동 찻집,행정동,신길5동,찻집,3110780
신풍역 찻집,지하철역,신풍역,찻집,3110780
신길5동 티룸,행정동,신길5동,티룸,3110780
신풍역 티룸,지하철역,신풍역,티룸,3110780
신길5동 티하우스,행정동,신길5동,티하우스,3110780
신풍역 티하우스,지하철역,신풍역,티하우스,3110780
신길5동 티카페,행정동,신길5동,티카페,3110780
신풍역 티카페,지하철역,신풍역,티카페,3110780
신길5동 다원,행정동,신길5동,다원,3110780
신풍역 다원,지하철역,신풍역,다원,3110780
대림1동 찻집,행정동,대림1동,찻집,3110781
대림역 찻집,지하철역,대림역,찻집,3110781
대림1동 티룸,행정동,대림1동,티룸,3110781
대림역 티룸,지하철역,대림역,티룸,3110781
대림1동 티하우스,행정동,대림1동,티하우스,3110781
대림역 티하우스,지하철역,대림역,티하우스,3110781
대림1동 티카페,행정동,대림1동,티카페,3110781
대림역 티카페,지하철역,대림역,티카페,3110781
대림1동 다원,행정동,대림1동,다원,3110781
대림역 다원,지하철역,대림역,다원,3110781
영등포동 찻집,행정동,영등포동,찻집,3110782
영등포시장역 찻집,지하철역,영등포시장역,찻집,3110782
영등포동 티룸,행정동,영등포동,티룸,3110782
영등포시장역 티룸,지하철역,영등포시장역,티룸,3110782
영등포동 티하우스,행정동,영등포동,티하우스,3110782
영등포시장역 티하우스,지하철역,영등포시장역,티하우스,3110782
영등포동 티카페,행정동,영등포동,티카페,3110782
영등포시장역 티카페,지하철역,영등포시장역,티카페,3110782
영등포동 다원,행정동,영등포동,다원,3110782
영등포시장역 다원,지하철역,영등포시장역,다원,3110782
쌍문3동 찻집,행정동,쌍문3동,찻집,3110388
쌍문3동 티룸,행정동,쌍문3동,티룸,3110388
쌍문3동 티하우스,행정동,쌍문3동,티하우스,3110388
쌍문3동 티카페,행정동,쌍문3동,티카페,3110388
쌍문3동 다원,행정동,쌍문3동,다원,3110388
방학1동 찻집,행정동,방학1동,찻집,3110395
방학1동 티룸,행정동,방학1동,티룸,3110395
방학1동 티하우스,행정동,방학1동,티하우스,3110395
방학1동 티카페,행정동,방학1동,티카페,3110395
방학1동 다원,행정동,방학1동,다원,3110395
중계4동 찻집,행정동,중계4동,찻집,3110430
상계역 찻집,지하철역,상계역,찻집,3110430
중계4동 티룸,행정동,중계4동,티룸,3110430
상계역 티룸,지하철역,상계역,티룸,3110430
중계4동 티하우스,행정동,중계4동,티하우스,3110430
상계역 티하우스,지하철역,상계역,티하우스,3110430
중계4동 티카페,행정동,중계4동,티카페,3110430
상계역 티카페,지하철역,상계역,티카페,3110430
중계4동 다원,행정동,중계4동,다원,3110430
상계역 다원,지하철역,상계역,다원,3110430
불광1동 찻집,행정동,불광1동,찻집,3110480
연신내역 찻집,지하철역,연신내역,찻집,3110480
불광1동 티룸,행정동,불광1동,티룸,3110480
연신내역 티룸,지하철역,연신내역,티룸,3110480
불광1동 티하우스,행정동,불광1동,티하우스,3110480
연신내역 티하우스,지하철역,연신내역,티하우스,3110480
불광1동 티카페,행정동,불광1동,티카페,3110480
연신내역 티카페,지하철역,연신내역,티카페,3110480
불광1동 다원,행정동,불광1동,다원,3110480
연신내역 다원,지하철역,연신내역,다원,3110480
대조동 찻집,행정동,대조동,찻집,3110481
대조동 티룸,행정동,대조동,티룸,3110481
대조동 티하우스,행정동,대조동,티하우스,3110481
대조동 티카페,행정동,대조동,티카페,3110481
대조동 다원,행정동,대조동,다원,3110481
역촌동 찻집,행정동,역촌동,찻집,3110455
응암역 찻집,지하철역,응암역,찻집,3110455
역촌동 티룸,행정동,역촌동,티룸,3110455
응암역 티룸,지하철역,응암역,티룸,3110455
역촌동 티하우스,행정동,역촌동,티하우스,3110455
응암역 티하우스,지하철역,응암역,티하우스,3110455
역촌동 티카페,행정동,역촌동,티카페,3110455
응암역 티카페,지하철역,응암역,티카페,3110455
역촌동 다원,행정동,역촌동,다원,3110455
응암역 다원,지하철역,응암역,다원,3110455
구산동 찻집,행정동,구산동,찻집,3110456
구산역 찻집,지하철역,구산역,찻집,3110456
구산동 티룸,행정동,구산동,티룸,3110456
구산역 티룸,지하철역,구산역,티룸,3110456
구산동 티하우스,행정동,구산동,티하우스,3110456
구산역 티하우스,지하철역,구산역,티하우스,3110456
구산동 티카페,행정동,구산동,티카페,3110456
구산역 티카페,지하철역,구산역,티카페,3110456
구산동 다원,행정동,구산동,다원,3110456
구산역 다원,지하철역,구산역,다원,3110456
연희동 찻집,행정동,연희동,찻집,3110505
가좌역 찻집,지하철역,가좌역,찻집,3110505
연희동 티룸,행정동,연희동,티룸,3110505
가좌역 티룸,지하철역,가좌역,티룸,3110505
연희동 티하우스,행정동,연희동,티하우스,3110505
가좌역 티하우스,지하철역,가좌역,티하우스,3110505
연희동 티카페,행정동,연희동,티카페,3110505
가좌역 티카페,지하철역,가좌역,티카페,3110505
연희동 다원,행정동,연희동,다원,3110505
가좌역 다원,지하철역,가좌역,다원,3110505
홍대입구역 찻집,지하철역,홍대입구역,찻집,3110506
홍대입구역 티룸,지하철역,홍대입구역,티룸,3110506
홍대입구역 티하우스,지하철역,홍대입구역,티하우스,3110506
홍대입구역 티카페,지하철역,홍대입구역,티카페,3110506
홍대입구역 다원,지하철역,홍대입구역,다원,3110506
녹번동 찻집,행정동,녹번동,찻집,3110484
역촌역 찻집,지하철역,역촌역,찻집,3110484
녹번동 티룸,행정동,녹번동,티룸,3110484
역촌역 티룸,지하철역,역촌역,티룸,3110484
녹번동 티하우스,행정동,녹번동,티하우스,3110484
역촌역 티하우스,지하철역,역촌역,티하우스,3110484
녹번동 티카페,행정동,녹번동,티카페,3110484
역촌역 티카페,지하철역,역촌역,티카페,3110484
녹번동 다원,행정동,녹번동,다원,3110484
역촌역 다원,지하철역,역촌역,다원,3110484
응암1동 찻집,행정동,응암1동,찻집,3110470
응암1동 티룸,행정동,응암1동,티룸,3110470
응암1동 티하우스,행정동,응암1동,티하우스,3110470
응암1동 티카페,행정동,응암1동,티카페,3110470
응암1동 다원,행정동,응암1동,다원,3110470
응암2동 찻집,행정동,응암2동,찻집,3110471
새절역 찻집,지하철역,새절역,찻집,3110471
응암2동 티룸,행정동,응암2동,티룸,3110471
새절역 티룸,지하철역,새절역,티룸,3110471
응암2동 티하우스,행정동,응암2동,티하우스,3110471
새절역 티하우스,지하철역,새절역,티하우스,3110471
응암2동 티카페,행정동,응암2동,티카페,3110471
새절역 티카페,지하철역,새절역,티카페,3110471
응암2동 다원,행정동,응암2동,다원,3110471
새절역 다원,지하철역,새절역,다원,3110471
경의중앙 신촌역 찻집,지하철역,경의중앙 신촌역,찻집,3110517
경의중앙 신촌역 티룸,지하철역,경의중앙 신촌역,티룸,3110517
경의중앙 신촌역 티하우스,지하철역,경의중앙 신촌역,티하우스,3110517
경의중앙 신촌역 티카페,지하철역,경의중앙 신촌역,티카페,3110517
경의중앙 신촌역 다원,지하철역,경의중앙 신촌역,다원,3110517
불광2동 찻집,행정동,불광2동,찻집,3110491
불광2동 티룸,행정동,불광2동,티룸,3110491
불광2동 티하우스,행정동,불광2동,티하우스,3110491
불광2동 티카페,행정동,불광2동,티카페,3110491
불광2동 다원,행정동,불광2동,다원,3110491
진관동 찻집,행정동,진관동,찻집,3110492
구파발역 찻집,지하철역,구파발역,찻집,3110492
진관동 티룸,행정동,진관동,티룸,3110492
구파발역 티룸,지하철역,구파발역,티룸,3110492
진관동 티하우스,행정동,진관동,티하우스,3110492
구파발역 티하우스,지하철역,구파발역,티하우스,3110492
진관동 티카페,행정동,진관동,티카페,3110492
구파발역 티카페,지하철역,구파발역,티카페,3110492
진관동 다원,행정동,진관동,다원,3110492
구파발역 다원,지하철역,구파발역,다원,3110492
북가좌1동 찻집,행정동,북가좌1동,찻집,3110493
증산역 찻집,지하철역,증산역,찻집,3110493
북가좌1동 티룸,행정동,북가좌1동,티룸,3110493
증산역 티룸,지하철역,증산역,티룸,3110493
북가좌1동 티하우스,행정동,북가좌1동,티하우스,3110493
증산역 티하우스,지하철역,증산역,티하우스,3110493
북가좌1동 티카페,행정동,북가좌1동,티카페,3110493
증산역 티카페,지하철역,증산역,티카페,3110493
북가좌1동 다원,행정동,북가좌1동,다원,3110493
증산역 다원,지하철역,증산역,다원,3110493
홍은2동 찻집,행정동,홍은2동,찻집,3110507
홍은2동 티룸,행정동,홍은2동,티룸,3110507
홍은2동 티하우스,행정동,홍은2동,티하우스,3110507
홍은2동 티카페,행정동,홍은2동,티카페,3110507
홍은2동 다원,행정동,홍은2동,다원,3110507
충현동 찻집,행정동,충현동,찻집,3110534
충현동 티룸,행정동,충현동,티룸,3110534
충현동 티하우스,행정동,충현동,티하우스,3110534
충현동 티카페,행정동,충현동,티카페,3110534
충현동 다원,행정동,충현동,다원,3110534
천연동 찻집,행정동,천연동,찻집,3110535
천연동 티룸,행정동,천연동,티룸,3110535
천연동 티하우스,행정동,천연동,티하우스,3110535
천연동 티카페,행정동,천연동,티카페,3110535
천연동 다원,행정동,천연동,다원,3110535
홍제1동 찻집,행정동,홍제1동,찻집,3110519
홍제1동 티룸,행정동,홍제1동,티룸,3110519
홍제1동 티하우스,행정동,홍제1동,티하우스,3110519
홍제1동 티카페,행정동,홍제1동,티카페,3110519
홍제1동 다원,행정동,홍제1동,다원,3110519
신촌동 찻집,행정동,신촌동,찻집,3110520
신촌동 티룸,행정동,신촌동,티룸,3110520
신촌동 티하우스,행정동,신촌동,티하우스,3110520
신촌동 티카페,행정동,신촌동,티카페,3110520
신촌동 다원,행정동,신촌동,다원,3110520
서교동 찻집,행정동,서교동,찻집,3110566
서교동 티룸,행정동,서교동,티룸,3110566
서교동 티하우스,행정동,서교동,티하우스,3110566
서교동 티카페,행정동,서교동,티카페,3110566
서교동 다원,행정동,서교동,다원,3110566
망원2동 찻집,행정동,망원2동,찻집,3110542
마포구청역 찻집,지하철역,마포구청역,찻집,3110542
망원2동 티룸,행정동,망원2동,티룸,3110542
마포구청역 티룸,지하철역,마포구청역,티룸,3110542
망원2동 티하우스,행정동,망원2동,티하우스,3110542
마포구청역 티하우스,지하철역,마포구청역,티하우스,3110542
망원2동 티카페,행정동,망원2동,티카페,3110542
마포구청역 티카페,지하철역,마포구청역,티카페,3110542
망원2동 다원,행정동,망원2동,다원,3110542
마포구청역 다원,지하철역,마포구청역,다원,3110542
성산2동 찻집,행정동,성산2동,찻집,3110543
수색역 찻집,지하철역,수색역,찻집,3110543
성산2동 티룸,행정동,성산2동,티룸,3110543
수색역 티룸,지하철역,수색역,티룸,3110543
성산2동 티하우스,행정동,성산2동,티하우스,3110543
수색역 티하우스,지하철역,수색역,티하우스,3110543
성산2동 티카페,행정동,성산2동,티카페,3110543
수색역 티카페,지하철역,수색역,티카페,3110543
성산2동 다원,행정동,성산2동,다원,3110543
수색역 다원,지하철역,수색역,다원,3110543
망원1동 찻집,행정동,망원1동,찻집,3110544
망원역 찻집,지하철역,망원역,찻집,3110544
망원1동 티룸,행정동,망원1동,티룸,3110544
망원역 티룸,지하철역,망원역,티룸,3110544
망원1동 티하우스,행정동,망원1동,티하우스,3110544
망원역 티하우스,지하철역,망원역,티하우스,3110544
망원1동 티카페,행정동,망원1동,티카페,3110544
망원역 티카페,지하철역,망원역,티카페,3110544
망원1동 다원,행정동,망원1동,다원,3110544
망원역 다원,지하철역,망원역,다원,3110544
아현동 찻집,행정동,아현동,찻집,3110584
아현역 찻집,지하철역,아현역,찻집,3110584
아현동 티룸,행정동,아현동,티룸,3110584
아현역 티룸,지하철역,아현역,티룸,3110584
아현동 티하우스,행정동,아현동,티하우스,3110584
아현역 티하우스,지하철역,아현역,티하우스,3110584
아현동 티카페,행정동,아현동,티카페,3110584
아현역 티카페,지하철역,아현역,티카페,3110584
아현동 다원,행정동,아현동,다원,3110584
아현역 다원,지하철역,아현역,다원,3110584
대흥동 찻집,행정동,대흥동,찻집,3110580
이대역 찻집,지하철역,이대역,찻집,3110580
대흥동 티룸,행정동,대흥동,티룸,3110580
이대역 티룸,지하철역,이대역,티룸,3110580
대흥동 티하우스,행정동,대흥동,티하우스,3110580
이대역 티하우스,지하철역,이대역,티하우스,3110580
대흥동 티카페,행정동,대흥동,티카페,3110580
이대역 티카페,지하철역,이대역,티카페,3110580
대흥동 다원,행정동,대흥동,다원,3110580
이대역 다원,지하철역,이대역,다원,3110580
용강동 찻집,행정동,용강동,찻집,3110581
마포역 찻집,지하철역,마포역,찻집,3110581
용강동 티룸,행정동,용강동,티룸,3110581
마포역 티룸,지하철역,마포역,티룸,3110581
용강동 티하우스,행정동,용강동,티하우스,3110581
마포역 티하우스,지하철역,마포역,티하우스,3110581
용강동 티카페,행정동,용강동,티카페,3110581
마포역 티카페,지하철역,마포역,티카페,3110581
용강동 다원,행정동,용강동,다원,3110581
마포역 다원,지하철역,마포역,다원,3110581
염리동 찻집,행정동,염리동,찻집,3110582
염리동 티룸,행정동,염리동,티룸,3110582
염리동 티하우스,행정동,염리동,티하우스,3110582
염리동 티카페,행정동,염리동,티카페,3110582
염리동 다원,행정동,염리동,다원,3110582
애오개역 찻집,지하철역,애오개역,찻집,3110583
애오개역 티룸,지하철역,애오개역,티룸,3110583
애오개역 티하우스,지하철역,애오개역,티하우스,3110583
애오개역 티카페,지하철역,애오개역,티카페,3110583
애오개역 다원,지하철역,애오개역,다원,3110583
서강동 찻집,행정동,서강동,찻집,3110567
광흥창역 찻집,지하철역,광흥창역,찻집,3110567
서강동 티룸,행정동,서강동,티룸,3110567
광흥창역 티룸,지하철역,광흥창역,티룸,3110567
서강동 티하우스,행정동,서강동,티하우스,3110567
광흥창역 티하우스,지하철역,광흥창역,티하우스,3110567
서강동 티카페,행정동,서강동,티카페,3110567
광흥창역 티카페,지하철역,광흥창역,티카페,3110567
서강동 다원,행정동,서강동,다원,3110567
광흥창역 다원,지하철역,광흥창역,다원,3110567
월계1동 찻집,행정동,월계1동,찻집,3110421
월계1동 티룸,행정동,월계1동,티룸,3110421
월계1동 티하우스,행정동,월계1동,티하우스,3110421
월계1동 티카페,행정동,월계1동,티카페,3110421
월계1동 다원,행정동,월계1동,다원,3110421
상계10동 찻집,행정동,상계10동,찻집,3110422
노원역 찻집,지하철역,노원역,찻집,3110422
상계10동 티룸,행정동,상계10동,티룸,3110422
노원역 티룸,지하철역,노원역,티룸,3110422
상계10동 티하우스,행정동,상계10동,티하우스,3110422
노원역 티하우스,지하철역,노원역,티하우스,3110422
상계10동 티카페,행정동,상계10동,티카페,3110422
노원역 티카페,지하철역,노원역,티카페,3110422
상계10동 다원,행정동,상계10동,다원,3110422
노원역 다원,지하철역,노원역,다원,3110422
공덕동 찻집,행정동,공덕동,찻집,3110586
공덕동 티룸,행정동,공덕동,티룸,3110586
공덕동 티하우스,행정동,공덕동,티하우스,3110586
공덕동 티카페,행정동,공덕동,티카페,3110586
공덕동 다원,행정동,공덕동,다원,3110586
신사2동 찻집,행정동,신사2동,찻집,3110448
신사2동 티룸,행정동,신사2동,티룸,3110448
신사2동 티하우스,행정동,신사2동,티하우스,3110448
신사2동 티카페,행정동,신사2동,티카페,3110448
신사2동 다원,행정동,신사2동,다원,3110448
창5동 찻집,행정동,창5동,찻집,3110409
창5동 티룸,행정동,창5동,티룸,3110409
창5동 티하우스,행정동,창5동,티하우스,3110409
창5동 티카페,행정동,창5동,티카페,3110409
창5동 다원,행정동,창5동,다원,3110409
도봉2동 찻집,행정동,도봉2동,찻집,3110411
도봉2동 티룸,행정동,도봉2동,티룸,3110411
도봉2동 티하우스,행정동,도봉2동,티하우스,3110411
도봉2동 티카페,행정동,도봉2동,티카페,3110411
도봉2동 다원,행정동,도봉2동,다원,3110411
창4동 찻집,행정동,창4동,찻집,3110412
창4동 티룸,행정동,창4동,티룸,3110412
창4동 티하우스,행정동,창4동,티하우스,3110412
창4동 티카페,행정동,창4동,티카페,3110412
창4동 다원,행정동,창4동,다원,3110412
상계3?4동 찻집,행정동,상계3?4동,찻집,3110437
당고개역 찻집,지하철역,당고개역,찻집,3110437
상계3?4동 티룸,행정동,상계3?4동,티룸,3110437
당고개역 티룸,지하철역,당고개역,티룸,3110437
상계3?4동 티하우스,행정동,상계3?4동,티하우스,3110437
당고개역 티하우스,지하철역,당고개역,티하우스,3110437
상계3?4동 티카페,행정동,상계3?4동,티카페,3110437
당고개역 티카페,지하철역,당고개역,티카페,3110437
상계3?4동 다원,행정동,상계3?4동,다원,3110437
당고개역 다원,지하철역,당고개역,다원,3110437
공릉2동 찻집,행정동,공릉2동,찻집,3110438
공릉역 찻집,지하철역,공릉역,찻집,3110438
공릉2동 티룸,행정동,공릉2동,티룸,3110438
공릉역 티룸,지하철역,공릉역,티룸,3110438
공릉2동 티하우스,행정동,공릉2동,티하우스,3110438
공릉역 티하우스,지하철역,공릉역,티하우스,3110438
공릉2동 티카페,행정동,공릉2동,티카페,3110438
공릉역 티카페,지하철역,공릉역,티카페,3110438
공릉2동 다원,행정동,공릉2동,다원,3110438
공릉역 다원,지하철역,공릉역,다원,3110438
증산동 찻집,행정동,증산동,찻집,3110449
증산동 티룸,행정동,증산동,티룸,3110449
증산동 티하우스,행정동,증산동,티하우스,3110449
증산동 티카페,행정동,증산동,티카페,3110449
증산동 다원,행정동,증산동,다원,3110449
북가좌2동 찻집,행정동,북가좌2동,찻집,3110495
북가좌2동 티룸,행정동,북가좌2동,티룸,3110495
북가좌2동 티하우스,행정동,북가좌2동,티하우스,3110495
북가좌2동 티카페,행정동,북가좌2동,티카페,3110495
북가좌2동 다원,행정동,북가좌2동,다원,3110495
연남동 찻집,행정동,연남동,찻집,3110560
연남동 티룸,행정동,연남동,티룸,3110560
연남동 티하우스,행정동,연남동,티하우스,3110560
연남동 티카페,행정동,연남동,티카페,3110560
연남동 다원,행정동,연남동,다원,3110560
상수역 찻집,지하철역,상수역,찻집,3110561
상수역 티룸,지하철역,상수역,티룸,3110561
상수역 티하우스,지하철역,상수역,티하우스,3110561
상수역 티카페,지하철역,상수역,티카페,3110561
상수역 다원,지하철역,상수역,다원,3110561
길동 찻집,행정동,길동,찻집,3111078
굽은다리역 찻집,지하철역,굽은다리역,찻집,3111078
길동 티룸,행정동,길동,티룸,3111078
굽은다리역 티룸,지하철역,굽은다리역,티룸,3111078
길동 티하우스,행정동,길동,티하우스,3111078
굽은다리역 티하우스,지하철역,굽은다리역,티하우스,3111078
길동 티카페,행정동,길동,티카페,3111078
굽은다리역 티카페,지하철역,굽은다리역,티카페,3111078
길동 다원,행정동,길동,다원,3111078
굽은다리역 다원,지하철역,굽은다리역,다원,3111078
합정동 찻집,행정동,합정동,찻집,3110546
합정동 티룸,행정동,합정동,티룸,3110546
합정동 티하우스,행정동,합정동,티하우스,3110546
합정동 티카페,행정동,합정동,티카페,3110546
합정동 다원,행정동,합정동,다원,3110546
갈현2동 찻집,행정동,갈현2동,찻집,3110458
갈현2동 티룸,행정동,갈현2동,티룸,3110458
갈현2동 티하우스,행정동,갈현2동,티하우스,3110458
갈현2동 티카페,행정동,갈현2동,티카페,3110458
갈현2동 다원,행정동,갈현2동,다원,3110458
신사1동 찻집,행정동,신사1동,찻집,3110459
신사1동 티룸,행정동,신사1동,티룸,3110459
신사1동 티하우스,행정동,신사1동,티하우스,3110459
신사1동 티카페,행정동,신사1동,티카페,3110459
신사1동 다원,행정동,신사1동,다원,3110459
충정로역 찻집,지하철역,충정로역,찻집,3110538
충정로역 티룸,지하철역,충정로역,티룸,3110538
충정로역 티하우스,지하철역,충정로역,티하우스,3110538
충정로역 티카페,지하철역,충정로역,티카페,3110538
충정로역 다원,지하철역,충정로역,다원,3110538
홍은1동 찻집,행정동,홍은1동,찻집,3110525
홍은1동 티룸,행정동,홍은1동,티룸,3110525
홍은1동 티하우스,행정동,홍은1동,티하우스,3110525
홍은1동 티카페,행정동,홍은1동,티카페,3110525
홍은1동 다원,행정동,홍은1동,다원,3110525
서강대역 찻집,지하철역,서강대역,찻집,3110569
서강대역 티룸,지하철역,서강대역,티룸,3110569
서강대역 티하우스,지하철역,서강대역,티하우스,3110569
서강대역 티카페,지하철역,서강대역,티카페,3110569
서강대역 다원,지하철역,서강대역,다원,3110569
신수동 찻집,행정동,신수동,찻집,3110570
신수동 티룸,행정동,신수동,티룸,3110570
신수동 티하우스,행정동,신수동,티하우스,3110570
신수동 티카페,행정동,신수동,티카페,3110570
신수동 다원,행정동,신수동,다원,3110570
성산1동 찻집,행정동,성산1동,찻집,3110548
성산1동 티룸,행정동,성산1동,티룸,3110548
성산1동 티하우스,행정동,성산1동,티하우스,3110548
성산1동 티카페,행정동,성산1동,티카페,3110548
성산1동 다원,행정동,성산1동,다원,3110548
광운대역 찻집,지하철역,광운대역,찻집,3110414
광운대역 티룸,지하철역,광운대역,티룸,3110414
광운대역 티하우스,지하철역,광운대역,티하우스,3110414
광운대역 티카페,지하철역,광운대역,티카페,3110414
광운대역 다원,지하철역,광운대역,다원,3110414
상계1동 찻집,행정동,상계1동,찻집,3110415
수락산역 찻집,지하철역,수락산역,찻집,3110415
상계1동 티룸,행정동,상계1동,티룸,3110415
수락산역 티룸,지하철역,수락산역,티룸,3110415
상계1동 티하우스,행정동,상계1동,티하우스,3110415
수락산역 티하우스,지하철역,수락산역,티하우스,3110415
상계1동 티카페,행정동,상계1동,티카페,3110415
수락산역 티카페,지하철역,수락산역,티카페,3110415
상계1동 다원,행정동,상계1동,다원,3110415
수락산역 다원,지하철역,수락산역,다원,3110415
응암3동 찻집,행정동,응암3동,찻집,3110461
응암3동 티룸,행정동,응암3동,티룸,3110461
응암3동 티하우스,행정동,응암3동,티하우스,3110461
응암3동 티카페,행정동,응암3동,티카페,3110461
응암3동 다원,행정동,응암3동,다원,3110461
상계2동 찻집,행정동,상계2동,찻집,3110424
상계2동 티룸,행정동,상계2동,티룸,3110424
상계2동 티하우스,행정동,상계2동,티하우스,3110424
상계2동 티카페,행정동,상계2동,티카페,3110424
상계2동 다원,행정동,상계2동,다원,3110424
창3동 찻집,행정동,창3동,찻집,3110404
창3동 티룸,행정동,창3동,티룸,3110404
창3동 티하우스,행정동,창3동,티하우스,3110404
창3동 티카페,행정동,창3동,티카페,3110404
창3동 다원,행정동,창3동,다원,3110404
고덕1동 찻집,행정동,고덕1동,찻집,3111085
고덕역 찻집,지하철역,고덕역,찻집,3111085
고덕1동 티룸,행정동,고덕1동,티룸,3111085
고덕역 티룸,지하철역,고덕역,티룸,3111085
고덕1동 티하우스,행정동,고덕1동,티하우스,3111085
고덕역 티하우스,지하철역,고덕역,티하우스,3111085
고덕1동 티카페,행정동,고덕1동,티카페,3111085
고덕역 티카페,지하철역,고덕역,티카페,3111085
고덕1동 다원,행정동,고덕1동,다원,3111085
고덕역 다원,지하철역,고덕역,다원,3111085
명일2동 찻집,행정동,명일2동,찻집,3111086
명일2동 티룸,행정동,명일2동,티룸,3111086
명일2동 티하우스,행정동,명일2동,티하우스,3111086
명일2동 티카페,행정동,명일2동,티카페,3111086
명일2동 다원,행정동,명일2동,다원,3111086
고덕2동 찻집,행정동,고덕2동,찻집,3111087
고덕2동 티룸,행정동,고덕2동,티룸,3111087
고덕2동 티하우스,행정동,고덕2동,티하우스,3111087
고덕2동 티카페,행정동,고덕2동,티카페,3111087
고덕2동 다원,행정동,고덕2동,다원,3111087
중계본동 찻집,행정동,중계본동,찻집,3110441
중계본동 티룸,행정동,중계본동,티룸,3110441
중계본동 티하우스,행정동,중계본동,티하우스,3110441
중계본동 티카페,행정동,중계본동,티카페,3110441
중계본동 다원,행정동,중계본동,다원,3110441
상계5동 찻집,행정동,상계5동,찻집,3110425
상계5동 티룸,행정동,상계5동,티룸,3110425
상계5동 티하우스,행정동,상계5동,티하우스,3110425
상계5동 티카페,행정동,상계5동,티카페,3110425
상계5동 다원,행정동,상계5동,다원,3110425
남가좌1동 찻집,행정동,남가좌1동,찻집,3110497
남가좌1동 티룸,행정동,남가좌1동,티룸,3110497
남가좌1동 티하우스,행정동,남가좌1동,티하우스,3110497
남가좌1동 티카페,행정동,남가좌1동,티카페,3110497
남가좌1동 다원,행정동,남가좌1동,다원,3110497
합정역 찻집,지하철역,합정역,찻집,3110556
합정역 티룸,지하철역,합정역,티룸,3110556
합정역 티하우스,지하철역,합정역,티하우스,3110556
합정역 티카페,지하철역,합정역,티카페,3110556
합정역 다원,지하철역,합정역,다원,3110556
남가좌2동 찻집,행정동,남가좌2동,찻집,3110500
남가좌2동 티룸,행정동,남가좌2동,티룸,3110500
남가좌2동 티하우스,행정동,남가좌2동,티하우스,3110500
남가좌2동 티카페,행정동,남가좌2동,티카페,3110500
남가좌2동 다원,행정동,남가좌2동,다원,3110500
갈현1동 찻집,행정동,갈현1동,찻집,3110462
갈현1동 티룸,행정동,갈현1동,티룸,3110462
갈현1동 티하우스,행정동,갈현1동,티하우스,3110462
갈현1동 티카페,행정동,갈현1동,티카페,3110462
갈현1동 다원,행정동,갈현1동,다원,3110462
홍제3동 찻집,행정동,홍제3동,찻집,3110527
홍제3동 티룸,행정동,홍제3동,티룸,3110527
홍제3동 티하우스,행정동,홍제3동,티하우스,3110527
홍제3동 티카페,행정동,홍제3동,티카페,3110527
홍제3동 다원,행정동,홍제3동,다원,3110527
신촌역 찻집,지하철역,신촌역,찻집,3110573
신촌역 티룸,지하철역,신촌역,티룸,3110573
신촌역 티하우스,지하철역,신촌역,티하우스,3110573
신촌역 티카페,지하철역,신촌역,티카페,3110573
신촌역 다원,지하철역,신촌역,다원,3110573
대흥역 찻집,지하철역,대흥역,찻집,3110574
대흥역 티룸,지하철역,대흥역,티룸,3110574
대흥역 티하우스,지하철역,대흥역,티하우스,3110574
대흥역 티카페,지하철역,대흥역,티카페,3110574
대흥역 다원,지하철역,대흥역,다원,3110574
둔촌2동 찻집,행정동,둔촌2동,찻집,3111079
둔촌동역 찻집,지하철역,둔촌동역,찻집,3111079
둔촌2동 티룸,행정동,둔촌2동,티룸,3111079
둔촌동역 티룸,지하철역,둔촌동역,티룸,3111079
둔촌2동 티하우스,행정동,둔촌2동,티하우스,3111079
둔촌동역 티하우스,지하철역,둔촌동역,티하우스,3111079
둔촌2동 티카페,행정동,둔촌2동,티카페,3111079
둔촌동역 티카페,지하철역,둔촌동역,티카페,3111079
둔촌2동 다원,행정동,둔촌2동,다원,3111079
둔촌동역 다원,지하철역,둔촌동역,다원,3111079
명일1동 찻집,행정동,명일1동,찻집,3111080
명일1동 티룸,행정동,명일1동,티룸,3111080
명일1동 티하우스,행정동,명일1동,티하우스,3111080
명일1동 티카페,행정동,명일1동,티카페,3111080
명일1동 다원,행정동,명일1동,다원,3111080
길동역 찻집,지하철역,길동역,찻집,3111081
길동역 티룸,지하철역,길동역,티룸,3111081
길동역 티하우스,지하철역,길동역,티하우스,3111081
길동역 티카페,지하철역,길동역,티카페,3111081
길동역 다원,지하철역,길동역,다원,3111081
신월3동 찻집,행정동,신월3동,찻집,3110593
화곡역 찻집,지하철역,화곡역,찻집,3110593
신월3동 티룸,행정동,신월3동,티룸,3110593
화곡역 티룸,지하철역,화곡역,티룸,3110593
신월3동 티하우스,행정동,신월3동,티하우스,3110593
화곡역 티하우스,지하철역,화곡역,티하우스,3110593
신월3동 티카페,행정동,신월3동,티카페,3110593
화곡역 티카페,지하철역,화곡역,티카페,3110593
신월3동 다원,행정동,신월3동,다원,3110593
화곡역 다원,지하철역,화곡역,다원,3110593
신월5동 찻집,행정동,신월5동,찻집,3110594
우장산역 찻집,지하철역,우장산역,찻집,3110594
신월5동 티룸,행정동,신월5동,티룸,3110594
우장산역 티룸,지하철역,우장산역,티룸,3110594
신월5동 티하우스,행정동,신월5동,티하우스,3110594
우장산역 티하우스,지하철역,우장산역,티하우스,3110594
신월5동 티카페,행정동,신월5동,티카페,3110594
우장산역 티카페,지하철역,우장산역,티카페,3110594
신월5동 다원,행정동,신월5동,다원,3110594
우장산역 다원,지하철역,우장산역,다원,3110594
수색동 찻집,행정동,수색동,찻집,3110443
수색동 티룸,행정동,수색동,티룸,3110443
수색동 티하우스,행정동,수색동,티하우스,3110443
수색동 티카페,행정동,수색동,티카페,3110443
수색동 다원,행정동,수색동,다원,3110443
하계1동 찻집,행정동,하계1동,찻집,3110427
하계1동 티룸,행정동,하계1동,티룸,3110427
하계1동 티하우스,행정동,하계1동,티하우스,3110427
하계1동 티카페,행정동,하계1동,티카페,3110427
하계1동 다원,행정동,하계1동,다원,3110427
북아현동 찻집,행정동,북아현동,찻집,3110532
북아현동 티룸,행정동,북아현동,티룸,3110532
북아현동 티하우스,행정동,북아현동,티하우스,3110532
북아현동 티카페,행정동,북아현동,티카페,3110532
북아현동 다원,행정동,북아현동,다원,3110532
중림동 찻집,행정동,중림동,찻집,3110591
중림동 티룸,행정동,중림동,티룸,3110591
중림동 티하우스,행정동,중림동,티하우스,3110591
중림동 티카페,행정동,중림동,티카페,3110591
중림동 다원,행정동,중림동,다원,3110591
도화동 찻집,행정동,도화동,찻집,3110579
도화동 티룸,행정동,도화동,티룸,3110579
도화동 티하우스,행정동,도화동,티하우스,3110579
도화동 티카페,행정동,도화동,티카페,3110579
도화동 다원,행정동,도화동,다원,3110579
공릉1동 찻집,행정동,공릉1동,찻집,3110429
태릉입구역 찻집,지하철역,태릉입구역,찻집,3110429
공릉1동 티룸,행정동,공릉1동,티룸,3110429
태릉입구역 티룸,지하철역,태릉입구역,티룸,3110429
공릉1동 티하우스,행정동,공릉1동,티하우스,3110429
태릉입구역 티하우스,지하철역,태릉입구역,티하우스,3110429
공릉1동 티카페,행정동,공릉1동,티카페,3110429
태릉입구역 티카페,지하철역,태릉입구역,티카페,3110429
공릉1동 다원,행정동,공릉1동,다원,3110429
태릉입구역 다원,지하철역,태릉입구역,다원,3110429
도봉산역 찻집,지하철역,도봉산역,찻집,3110406
도봉산역 티룸,지하철역,도봉산역,티룸,3110406
도봉산역 티하우스,지하철역,도봉산역,티하우스,3110406
도봉산역 티카페,지하철역,도봉산역,티카페,3110406
도봉산역 다원,지하철역,도봉산역,다원,3110406
개봉1동 찻집,행정동,개봉1동,찻집,3110692
오류동역 찻집,지하철역,오류동역,찻집,3110692
개봉1동 티룸,행정동,개봉1동,티룸,3110692
오류동역 티룸,지하철역,오류동역,티룸,3110692
개봉1동 티하우스,행정동,개봉1동,티하우스,3110692
오류동역 티하우스,지하철역,오류동역,티하우스,3110692
개봉1동 티카페,행정동,개봉1동,티카페,3110692
오류동역 티카페,지하철역,오류동역,티카페,3110692
개봉1동 다원,행정동,개봉1동,다원,3110692
오류동역 다원,지하철역,오류동역,다원,3110692
오류1동 찻집,행정동,오류1동,찻집,3110693
오류1동 티룸,행정동,오류1동,티룸,3110693
오류1동 티하우스,행정동,오류1동,티하우스,3110693
오류1동 티카페,행정동,오류1동,티카페,3110693
오류1동 다원,행정동,오류1동,다원,3110693
고척2동 찻집,행정동,고척2동,찻집,3110694
고척2동 티룸,행정동,고척2동,티룸,3110694
고척2동 티하우스,행정동,고척2동,티하우스,3110694
고척2동 티카페,행정동,고척2동,티카페,3110694
고척2동 다원,행정동,고척2동,다원,3110694
개봉역 찻집,지하철역,개봉역,찻집,3110695
개봉역 티룸,지하철역,개봉역,티룸,3110695
개봉역 티하우스,지하철역,개봉역,티하우스,3110695
개봉역 티카페,지하철역,개봉역,티카페,3110695
개봉역 다원,지하철역,개봉역,다원,3110695
개봉2동 찻집,행정동,개봉2동,찻집,3110696
개봉2동 티룸,행정동,개봉2동,티룸,3110696
개봉2동 티하우스,행정동,개봉2동,티하우스,3110696
개봉2동 티카페,행정동,개봉2동,티카페,3110696
개봉2동 다원,행정동,개봉2동,다원,3110696
화곡6동 찻집,행정동,화곡6동,찻집,3110663
가양역 찻집,지하철역,가양역,찻집,3110663
화곡6동 티룸,행정동,화곡6동,티룸,3110663
가양역 티룸,지하철역,가양역,티룸,3110663
화곡6동 티하우스,행정동,화곡6동,티하우스,3110663
가양역 티하우스,지하철역,가양역,티하우스,3110663
화곡6동 티카페,행정동,화곡6동,티카페,3110663
가양역 티카페,지하철역,가양역,티카페,3110663
화곡6동 다원,행정동,화곡6동,다원,3110663
가양역 다원,지하철역,가양역,다원,3110663
화곡2동 찻집,행정동,화곡2동,찻집,3110665
신정역 찻집,지하철역,신정역,찻집,3110665
화곡2동 티룸,행정동,화곡2동,티룸,3110665
신정역 티룸,지하철역,신정역,티룸,3110665
화곡2동 티하우스,행정동,화곡2동,티하우스,3110665
신정역 티하우스,지하철역,신정역,티하우스,3110665
화곡2동 티카페,행정동,화곡2동,티카페,3110665
신정역 티카페,지하철역,신정역,티카페,3110665
화곡2동 다원,행정동,화곡2동,다원,3110665
신정역 다원,지하철역,신정역,다원,3110665
등촌역 찻집,지하철역,등촌역,찻집,3110666
등촌역 티룸,지하철역,등촌역,티룸,3110666
등촌역 티하우스,지하철역,등촌역,티하우스,3110666
등촌역 티카페,지하철역,등촌역,티카페,3110666
등촌역 다원,지하철역,등촌역,다원,3110666
등촌3동 찻집,행정동,등촌3동,찻집,3110667
등촌3동 티룸,행정동,등촌3동,티룸,3110667
등촌3동 티하우스,행정동,등촌3동,티하우스,3110667
등촌3동 티카페,행정동,등촌3동,티카페,3110667
등촌3동 다원,행정동,등촌3동,다원,3110667
시흥3동 찻집,행정동,시흥3동,찻집,3110749
구로디지털단지역 찻집,지하철역,구로디지털단지역,찻집,3110749
시흥3동 티룸,행정동,시흥3동,티룸,3110749
구로디지털단지역 티룸,지하철역,구로디지털단지역,티룸,3110749
시흥3동 티하우스,행정동,시흥3동,티하우스,3110749
구로디지털단지역 티하우스,지하철역,구로디지털단지역,티하우스,3110749
시흥3동 티카페,행정동,시흥3동,티카페,3110749
구로디지털단지역 티카페,지하철역,구로디지털단지역,티카페,3110749
시흥3동 다원,행정동,시흥3동,다원,3110749
구로디지털단지역 다원,지하철역,구로디지털단지역,다원,3110749
시흥4동 찻집,행정동,시흥4동,찻집,3110750
시흥4동 티룸,행정동,시흥4동,티룸,3110750
시흥4동 티하우스,행정동,시흥4동,티하우스,3110750
시흥4동 티카페,행정동,시흥4동,티카페,3110750
시흥4동 다원,행정동,시흥4동,다원,3110750
수궁동 찻집,행정동,수궁동,찻집,3110681
온수역 찻집,지하철역,온수역,찻집,3110681
수궁동 티룸,행정동,수궁동,티룸,3110681
온수역 티룸,지하철역,온수역,티룸,3110681
수궁동 티하우스,행정동,수궁동,티하우스,3110681
온수역 티하우스,지하철역,온수역,티하우스,3110681
수궁동 티카페,행정동,수궁동,티카페,3110681
온수역 티카페,지하철역,온수역,티카페,3110681
수궁동 다원,행정동,수궁동,다원,3110681
온수역 다원,지하철역,온수역,다원,3110681
고척1동 찻집,행정동,고척1동,찻집,3110704
고척1동 티룸,행정동,고척1동,티룸,3110704
고척1동 티하우스,행정동,고척1동,티하우스,3110704
고척1동 티카페,행정동,고척1동,티카페,3110704
고척1동 다원,행정동,고척1동,다원,3110704
구로3동 찻집,행정동,구로3동,찻집,3110722
구로3동 티룸,행정동,구로3동,티룸,3110722
구로3동 티하우스,행정동,구로3동,티하우스,3110722
구로3동 티카페,행정동,구로3동,티카페,3110722
구로3동 다원,행정동,구로3동,다원,3110722
가산동 찻집,행정동,가산동,찻집,3110723
남구로역 찻집,지하철역,남구로역,찻집,3110723
가산동 티룸,행정동,가산동,티룸,3110723
남구로역 티룸,지하철역,남구로역,티룸,3110723
가산동 티하우스,행정동,가산동,티하우스,3110723
남구로역 티하우스,지하철역,남구로역,티하우스,3110723
가산동 티카페,행정동,가산동,티카페,3110723
남구로역 티카페,지하철역,남구로역,티카페,3110723
가산동 다원,행정동,가산동,다원,3110723
남구로역 다원,지하철역,남구로역,다원,3110723
영등포본동 찻집,행정동,영등포본동,찻집,3110803
영등포역 찻집,지하철역,영등포역,찻집,3110803
영등포본동 티룸,행정동,영등포본동,티룸,3110803
영등포역 티룸,지하철역,영등포역,티룸,3110803
영등포본동 티하우스,행정동,영등포본동,티하우스,3110803
영등포역 티하우스,지하철역,영등포역,티하우스,3110803
영등포본동 티카페,행정동,영등포본동,티카페,3110803
영등포역 티카페,지하철역,영등포역,티카페,3110803
영등포본동 다원,행정동,영등포본동,다원,3110803
영등포역 다원,지하철역,영등포역,다원,3110803
신길6동 찻집,행정동,신길6동,찻집,3110804
신길6동 티룸,행정동,신길6동,티룸,3110804
신길6동 티하우스,행정동,신길6동,티하우스,3110804
신길6동 티카페,행정동,신길6동,티카페,3110804
신길6동 다원,행정동,신길6동,다원,3110804
신길4동 찻집,행정동,신길4동,찻집,3110805
신길4동 티룸,행정동,신길4동,티룸,3110805
신길4동 티하우스,행정동,신길4동,티하우스,3110805
신길4동 티카페,행정동,신길4동,티카페,3110805
신길4동 다원,행정동,신길4동,다원,3110805
신길역 찻집,지하철역,신길역,찻집,3110806
신길역 티룸,지하철역,신길역,티룸,3110806
신길역 티하우스,지하철역,신길역,티하우스,3110806
신길역 티카페,지하철역,신길역,티카페,3110806
신길역 다원,지하철역,신길역,다원,3110806
시흥1동 찻집,행정동,시흥1동,찻집,3110733
시흥1동 티룸,행정동,시흥1동,티룸,3110733
시흥1동 티하우스,행정동,시흥1동,티하우스,3110733
시흥1동 티카페,행정동,시흥1동,티카페,3110733
시흥1동 다원,행정동,시흥1동,다원,3110733
독산2동 찻집,행정동,독산2동,찻집,3110735
독산2동 티룸,행정동,독산2동,티룸,3110735
독산2동 티하우스,행정동,독산2동,티하우스,3110735
독산2동 티카페,행정동,독산2동,티카페,3110735
독산2동 다원,행정동,독산2동,다원,3110735
독산4동 찻집,행정동,독산4동,찻집,3110736
독산4동 티룸,행정동,독산4동,티룸,3110736
독산4동 티하우스,행정동,독산4동,티하우스,3110736
독산4동 티카페,행정동,독산4동,티카페,3110736
독산4동 다원,행정동,독산4동,다원,3110736
시흥2동 찻집,행정동,시흥2동,찻집,3110755
시흥2동 티룸,행정동,시흥2동,티룸,3110755
시흥2동 티하우스,행정동,시흥2동,티하우스,3110755
시흥2동 티카페,행정동,시흥2동,티카페,3110755
시흥2동 다원,행정동,시흥2동,다원,3110755
양평1동 찻집,행정동,양평1동,찻집,3110756
양평역 찻집,지하철역,양평역,찻집,3110756
양평1동 티룸,행정동,양평1동,티룸,3110756
양평역 티룸,지하철역,양평역,티룸,3110756
양평1동 티하우스,행정동,양평1동,티하우스,3110756
양평역 티하우스,지하철역,양평역,티하우스,3110756
양평1동 티카페,행정동,양평1동,티카페,3110756
양평역 티카페,지하철역,양평역,티카페,3110756
양평1동 다원,행정동,양평1동,다원,3110756
양평역 다원,지하철역,양평역,다원,3110756
문래동 찻집,행정동,문래동,찻집,3110758
문래동 티룸,행정동,문래동,티룸,3110758
문래동 티하우스,행정동,문래동,티하우스,3110758
문래동 티카페,행정동,문래동,티카페,3110758
문래동 다원,행정동,문래동,다원,3110758
당산2동 찻집,행정동,당산2동,찻집,3110774
영등포구청역 찻집,지하철역,영등포구청역,찻집,3110774
당산2동 티룸,행정동,당산2동,티룸,3110774
영등포구청역 티룸,지하철역,영등포구청역,티룸,3110774
당산2동 티하우스,행정동,당산2동,티하우스,3110774
영등포구청역 티하우스,지하철역,영등포구청역,티하우스,3110774
당산2동 티카페,행정동,당산2동,티카페,3110774
영등포구청역 티카페,지하철역,영등포구청역,티카페,3110774
당산2동 다원,행정동,당산2동,다원,3110774
영등포구청역 다원,지하철역,영등포구청역,다원,3110774
대림2동 찻집,행정동,대림2동,찻집,3110775
대림2동 티룸,행정동,대림2동,티룸,3110775
대림2동 티하우스,행정동,대림2동,티하우스,3110775
대림2동 티카페,행정동,대림2동,티카페,3110775
대림2동 다원,행정동,대림2동,다원,3110775
대림3동 찻집,행정동,대림3동,찻집,3110776
대림3동 티룸,행정동,대림3동,티룸,3110776
대림3동 티하우스,행정동,대림3동,티하우스,3110776
대림3동 티카페,행정동,대림3동,티카페,3110776
대림3동 다원,행정동,대림3동,다원,3110776
공항동 찻집,행정동,공항동,찻집,3110643
송정역 찻집,지하철역,송정역,찻집,3110643
공항동 티룸,행정동,공항동,티룸,3110643
송정역 티룸,지하철역,송정역,티룸,3110643
공항동 티하우스,행정동,공항동,티하우스,3110643
송정역 티하우스,지하철역,송정역,티하우스,3110643
공항동 티카페,행정동,공항동,티카페,3110643
송정역 티카페,지하철역,송정역,티카페,3110643
공항동 다원,행정동,공항동,다원,3110643
송정역 다원,지하철역,송정역,다원,3110643
발산1동 찻집,행정동,발산1동,찻집,3110644
발산1동 티룸,행정동,발산1동,티룸,3110644
발산1동 티하우스,행정동,발산1동,티하우스,3110644
발산1동 티카페,행정동,발산1동,티카페,3110644
발산1동 다원,행정동,발산1동,다원,3110644
도림동 찻집,행정동,도림동,찻집,3110792
도림동 티룸,행정동,도림동,티룸,3110792
도림동 티하우스,행정동,도림동,티하우스,3110792
도림동 티카페,행정동,도림동,티카페,3110792
도림동 다원,행정동,도림동,다원,3110792
우장산동 찻집,행정동,우장산동,찻집,3110653
우장산동 티룸,행정동,우장산동,티룸,3110653
우장산동 티하우스,행정동,우장산동,티하우스,3110653
우장산동 티카페,행정동,우장산동,티카페,3110653
우장산동 다원,행정동,우장산동,다원,3110653
신월2동 찻집,행정동,신월2동,찻집,3110608
까치산역 찻집,지하철역,까치산역,찻집,3110608
신월2동 티룸,행정동,신월2동,티룸,3110608
까치산역 티룸,지하철역,까치산역,티룸,3110608
신월2동 티하우스,행정동,신월2동,티하우스,3110608
까치산역 티하우스,지하철역,까치산역,티하우스,3110608
신월2동 티카페,행정동,신월2동,티카페,3110608
까치산역 티카페,지하철역,까치산역,티카페,3110608
신월2동 다원,행정동,신월2동,다원,3110608
까치산역 다원,지하철역,까치산역,다원,3110608
신정3동 찻집,행정동,신정3동,찻집,3110609
신정네거리역 찻집,지하철역,신정네거리역,찻집,3110609
신정3동 티룸,행정동,신정3동,티룸,3110609
신정네거리역 티룸,지하철역,신정네거리역,티룸,3110609
신정3동 티하우스,행정동,신정3동,티하우스,3110609
신정네거리역 티하우스,지하철역,신정네거리역,티하우스,3110609
신정3동 티카페,행정동,신정3동,티카페,3110609
신정네거리역 티카페,지하철역,신정네거리역,티카페,3110609
신정3동 다원,행정동,신정3동,다원,3110609
신정네거리역 다원,지하철역,신정네거리역,다원,3110609
신정7동 찻집,행정동,신정7동,찻집,3110623
구로역 찻집,지하철역,구로역,찻집,3110623
신정7동 티룸,행정동,신정7동,티룸,3110623
구로역 티룸,지하철역,구로역,티룸,3110623
신정7동 티하우스,행정동,신정7동,티하우스,3110623
구로역 티하우스,지하철역,구로역,티하우스,3110623
신정7동 티카페,행정동,신정7동,티카페,3110623
구로역 티카페,지하철역,구로역,티카페,3110623
신정7동 다원,행정동,신정7동,다원,3110623
구로역 다원,지하철역,구로역,다원,3110623
목2동 찻집,행정동,목2동,찻집,3110624
염창역 찻집,지하철역,염창역,찻집,3110624
목2동 티룸,행정동,목2동,티룸,3110624
염창역 티룸,지하철역,염창역,티룸,3110624
목2동 티하우스,행정동,목2동,티하우스,3110624
염창역 티하우스,지하철역,염창역,티하우스,3110624
목2동 티카페,행정동,목2동,티카페,3110624
염창역 티카페,지하철역,염창역,티카페,3110624
목2동 다원,행정동,목2동,다원,3110624
염창역 다원,지하철역,염창역,다원,3110624
신정2동 찻집,행정동,신정2동,찻집,3110625
오목교역 찻집,지하철역,오목교역,찻집,3110625
신정2동 티룸,행정동,신정2동,티룸,3110625
오목교역 티룸,지하철역,오목교역,티룸,3110625
신정2동 티하우스,행정동,신정2동,티하우스,3110625
오목교역 티하우스,지하철역,오목교역,티하우스,3110625
신정2동 티카페,행정동,신정2동,티카페,3110625
오목교역 티카페,지하철역,오목교역,티카페,3110625
신정2동 다원,행정동,신정2동,다원,3110625
오목교역 다원,지하철역,오목교역,다원,3110625
화곡1동 찻집,행정동,화곡1동,찻집,3110654
화곡1동 티룸,행정동,화곡1동,티룸,3110654
화곡1동 티하우스,행정동,화곡1동,티하우스,3110654
화곡1동 티카페,행정동,화곡1동,티카페,3110654
화곡1동 다원,행정동,화곡1동,다원,3110654
발산역 찻집,지하철역,발산역,찻집,3110655
발산역 티룸,지하철역,발산역,티룸,3110655
발산역 티하우스,지하철역,발산역,티하우스,3110655
발산역 티카페,지하철역,발산역,티카페,3110655
발산역 다원,지하철역,발산역,다원,3110655
독산3동 찻집,행정동,독산3동,찻집,3110751
독산3동 티룸,행정동,독산3동,티룸,3110751
독산3동 티하우스,행정동,독산3동,티하우스,3110751
독산3동 티카페,행정동,독산3동,티카페,3110751
독산3동 다원,행정동,독산3동,다원,3110751
오류2동 찻집,행정동,오류2동,찻집,3110685
오류2동 티룸,행정동,오류2동,티룸,3110685
오류2동 티하우스,행정동,오류2동,티하우스,3110685
오류2동 티카페,행정동,오류2동,티카페,3110685
오류2동 다원,행정동,오류2동,다원,3110685
신도림동 찻집,행정동,신도림동,찻집,3110707
신도림동 티룸,행정동,신도림동,티룸,3110707
신도림동 티하우스,행정동,신도림동,티하우스,3110707
신도림동 티카페,행정동,신도림동,티카페,3110707
신도림동 다원,행정동,신도림동,다원,3110707
구로2동 찻집,행정동,구로2동,찻집,3110708
구로2동 티룸,행정동,구로2동,티룸,3110708
구로2동 티하우스,행정동,구로2동,티하우스,3110708
구로2동 티카페,행정동,구로2동,티카페,3110708
구로2동 다원,행정동,구로2동,다원,3110708
구로4동 찻집,행정동,구로4동,찻집,3110712
구로4동 티룸,행정동,구로4동,티룸,3110712
구로4동 티하우스,행정동,구로4동,티하우스,3110712
구로4동 티카페,행정동,구로4동,티카페,3110712
구로4동 다원,행정동,구로4동,다원,3110712
화곡4동 찻집,행정동,화곡4동,찻집,3110670
화곡4동 티룸,행정동,화곡4동,티룸,3110670
화곡4동 티하우스,행정동,화곡4동,티하우스,3110670
화곡4동 티카페,행정동,화곡4동,티카페,3110670
화곡4동 다원,행정동,화곡4동,다원,3110670
독산1동 찻집,행정동,독산1동,찻집,3110726
독산1동 티룸,행정동,독산1동,티룸,3110726
독산1동 티하우스,행정동,독산1동,티하우스,3110726
독산1동 티카페,행정동,독산1동,티카페,3110726
독산1동 다원,행정동,독산1동,다원,3110726
신길1동 찻집,행정동,신길1동,찻집,3110815
대방역 찻집,지하철역,대방역,찻집,3110815
신길1동 티룸,행정동,신길1동,티룸,3110815
대방역 티룸,지하철역,대방역,티룸,3110815
신길1동 티하우스,행정동,신길1동,티하우스,3110815
대방역 티하우스,지하철역,대방역,티하우스,3110815
신길1동 티카페,행정동,신길1동,티카페,3110815
대방역 티카페,지하철역,대방역,티카페,3110815
신길1동 다원,행정동,신길1동,다원,3110815
대방역 다원,지하철역,대방역,다원,3110815
구로5동 찻집,행정동,구로5동,찻집,3110713
구로5동 티룸,행정동,구로5동,티룸,3110713
구로5동 티하우스,행정동,구로5동,티하우스,3110713
구로5동 티카페,행정동,구로5동,티카페,3110713
구로5동 다원,행정동,구로5동,다원,3110713
문래역 찻집,지하철역,문래역,찻집,3110759
문래역 티룸,지하철역,문래역,티룸,3110759
문래역 티하우스,지하철역,문래역,티하우스,3110759
문래역 티카페,지하철역,문래역,티카페,3110759
문래역 다원,지하철역,문래역,다원,3110759
양평2동 찻집,행정동,양평2동,찻집,3110760
선유도역 찻집,지하철역,선유도역,찻집,3110760
양평2동 티룸,행정동,양평2동,티룸,3110760
선유도역 티룸,지하철역,선유도역,티룸,3110760
양평2동 티하우스,행정동,양평2동,티하우스,3110760
선유도역 티하우스,지하철역,선유도역,티하우스,3110760
양평2동 티카페,행정동,양평2동,티카페,3110760
선유도역 티카페,지하철역,선유도역,티카페,3110760
양평2동 다원,행정동,양평2동,다원,3110760
선유도역 다원,지하철역,선유도역,다원,3110760
신도림역 찻집,지하철역,신도림역,찻집,3110761
신도림역 티룸,지하철역,신도림역,티룸,3110761
신도림역 티하우스,지하철역,신도림역,티하우스,3110761
신도림역 티카페,지하철역,신도림역,티카페,3110761
신도림역 다원,지하철역,신도림역,다원,3110761
신정4동 찻집,행정동,신정4동,찻집,3110612
신정4동 티룸,행정동,신정4동,티룸,3110612
신정4동 티하우스,행정동,신정4동,티하우스,3110612
신정4동 티카페,행정동,신정4동,티카페,3110612
신정4동 다원,행정동,신정4동,다원,3110612
신정1동 찻집,행정동,신정1동,찻집,3110613
신정1동 티룸,행정동,신정1동,티룸,3110613
신정1동 티하우스,행정동,신정1동,티하우스,3110613
신정1동 티카페,행정동,신정1동,티카페,3110613
신정1동 다원,행정동,신정1동,다원,3110613
목동역 찻집,지하철역,목동역,찻집,3110614
목동역 티룸,지하철역,목동역,티룸,3110614
목동역 티하우스,지하철역,목동역,티하우스,3110614
목동역 티카페,지하철역,목동역,티카페,3110614
목동역 다원,지하철역,목동역,다원,3110614
화곡3동 찻집,행정동,화곡3동,찻집,3110646
화곡3동 티룸,행정동,화곡3동,티룸,3110646
화곡3동 티하우스,행정동,화곡3동,티하우스,3110646
화곡3동 티카페,행정동,화곡3동,티카페,3110646
화곡3동 다원,행정동,화곡3동,다원,3110646
가양1동 찻집,행정동,가양1동,찻집,3110648
양천향교역 찻집,지하철역,양천향교역,찻집,3110648
가양1동 티룸,행정동,가양1동,티룸,3110648
양천향교역 티룸,지하철역,양천향교역,티룸,3110648
가양1동 티하우스,행정동,가양1동,티하우스,3110648
양천향교역 티하우스,지하철역,양천향교역,티하우스,3110648
가양1동 티카페,행정동,가양1동,티카페,3110648
양천향교역 티카페,지하철역,양천향교역,티카페,3110648
가양1동 다원,행정동,가양1동,다원,3110648
양천향교역 다원,지하철역,양천향교역,다원,3110648
신길3동 찻집,행정동,신길3동,찻집,3110795
신길3동 티룸,행정동,신길3동,티룸,3110795
신길3동 티하우스,행정동,신길3동,티하우스,3110795
신길3동 티카페,행정동,신길3동,티카페,3110795
신길3동 다원,행정동,신길3동,다원,3110795
신월1동 찻집,행정동,신월1동,찻집,3110597
신월1동 티룸,행정동,신월1동,티룸,3110597
신월1동 티하우스,행정동,신월1동,티하우스,3110597
신월1동 티카페,행정동,신월1동,티카페,3110597
신월1동 다원,행정동,신월1동,다원,3110597
신월7동 찻집,행정동,신월7동,찻집,3110598
신월7동 티룸,행정동,신월7동,티룸,3110598
신월7동 티하우스,행정동,신월7동,티하우스,3110598
신월7동 티카페,행정동,신월7동,티카페,3110598
신월7동 다원,행정동,신월7동,다원,3110598
월계2동 찻집,행정동,월계2동,찻집,3110417
월계2동 티룸,행정동,월계2동,티룸,3110417
월계2동 티하우스,행정동,월계2동,티하우스,3110417
월계2동 티카페,행정동,월계2동,티카페,3110417
월계2동 다원,행정동,월계2동,다원,3110417
개봉3동 찻집,행정동,개봉3동,찻집,3110702
개봉3동 티룸,행정동,개봉3동,티룸,3110702
개봉3동 티하우스,행정동,개봉3동,티하우스,3110702
개봉3동 티카페,행정동,개봉3동,티카페,3110702
개봉3동 다원,행정동,개봉3동,다원,3110702
신목동역 찻집,지하철역,신목동역,찻집,3110628
신목동역 티룸,지하철역,신목동역,티룸,3110628
신목동역 티하우스,지하철역,신목동역,티하우스,3110628
신목동역 티카페,지하철역,신목동역,티카페,3110628
신목동역 다원,지하철역,신목동역,다원,3110628
방화2동 찻집,행정동,방화2동,찻집,3110630
공항시장역 찻집,지하철역,공항시장역,찻집,3110630
방화2동 티룸,행정동,방화2동,티룸,3110630
공항시장역 티룸,지하철역,공항시장역,티룸,3110630
방화2동 티하우스,행정동,방화2동,티하우스,3110630
공항시장역 티하우스,지하철역,공항시장역,티하우스,3110630
방화2동 티카페,행정동,방화2동,티카페,3110630
공항시장역 티카페,지하철역,공항시장역,티카페,3110630
방화2동 다원,행정동,방화2동,다원,3110630
공항시장역 다원,지하철역,공항시장역,다원,3110630
개화산역 찻집,지하철역,개화산역,찻집,3110631
개화산역 티룸,지하철역,개화산역,티룸,3110631
개화산역 티하우스,지하철역,개화산역,티하우스,3110631
개화산역 티카페,지하철역,개화산역,티카페,3110631
개화산역 다원,지하철역,개화산역,다원,3110631
화곡본동 찻집,행정동,화곡본동,찻집,3110658
화곡본동 티룸,행정동,화곡본동,티룸,3110658
화곡본동 티하우스,행정동,화곡본동,티하우스,3110658
화곡본동 티카페,행정동,화곡본동,티카페,3110658
화곡본동 다원,행정동,화곡본동,다원,3110658
시흥5동 찻집,행정동,시흥5동,찻집,3110753
시흥5동 티룸,행정동,시흥5동,티룸,3110753
시흥5동 티하우스,행정동,시흥5동,티하우스,3110753
시흥5동 티카페,행정동,시흥5동,티카페,3110753
시흥5동 다원,행정동,시흥5동,다원,3110753
가리봉동 찻집,행정동,가리봉동,찻집,3110717
가리봉동 티룸,행정동,가리봉동,티룸,3110717
가리봉동 티하우스,행정동,가리봉동,티하우스,3110717
가리봉동 티카페,행정동,가리봉동,티카페,3110717
가리봉동 다원,행정동,가리봉동,다원,3110717
당산1동 찻집,행정동,당산1동,찻집,3110763
당산1동 티룸,행정동,당산1동,티룸,3110763
당산1동 티하우스,행정동,당산1동,티하우스,3110763
당산1동 티카페,행정동,당산1동,티카페,3110763
당산1동 다원,행정동,당산1동,다원,3110763
등촌1동 찻집,행정동,등촌1동,찻집,3110671
등촌1동 티룸,행정동,등촌1동,티룸,3110671
등촌1동 티하우스,행정동,등촌1동,티하우스,3110671
등촌1동 티카페,행정동,등촌1동,티카페,3110671
등촌1동 다원,행정동,등촌1동,다원,3110671
등촌2동 찻집,행정동,등촌2동,찻집,3110672
등촌2동 티룸,행정동,등촌2동,티룸,3110672
등촌2동 티하우스,행정동,등촌2동,티하우스,3110672
등촌2동 티카페,행정동,등촌2동,티카페,3110672
등촌2동 다원,행정동,등촌2동,다원,3110672
가양3동 찻집,행정동,가양3동,찻집,3110674
가양3동 티룸,행정동,가양3동,티룸,3110674
가양3동 티하우스,행정동,가양3동,티하우스,3110674
가양3동 티카페,행정동,가양3동,티카페,3110674
가양3동 다원,행정동,가양3동,다원,3110674
보라매역 찻집,지하철역,보라매역,찻집,3110813
보라매역 티룸,지하철역,보라매역,티룸,3110813
보라매역 티하우스,지하철역,보라매역,티하우스,3110813
보라매역 티카페,지하철역,보라매역,티카페,3110813
보라매역 다원,지하철역,보라매역,다원,3110813
신길7동 찻집,행정동,신길7동,찻집,3110814
신길7동 티룸,행정동,신길7동,티룸,3110814
신길7동 티하우스,행정동,신길7동,티하우스,3110814
신길7동 티카페,행정동,신길7동,티카페,3110814
신길7동 다원,행정동,신길7동,다원,3110814
목3동 찻집,행정동,목3동,찻집,3110617
목3동 티룸,행정동,목3동,티룸,3110617
목3동 티하우스,행정동,목3동,티하우스,3110617
목3동 티카페,행정동,목3동,티카페,3110617
목3동 다원,행정동,목3동,다원,3110617
목4동 찻집,행정동,목4동,찻집,3110618
목4동 티룸,행정동,목4동,티룸,3110618
목4동 티하우스,행정동,목4동,티하우스,3110618
목4동 티카페,행정동,목4동,티카페,3110618
목4동 다원,행정동,목4동,다원,3110618
방화1동 찻집,행정동,방화1동,찻집,3110632
방화역 찻집,지하철역,방화역,찻집,3110632
방화1동 티룸,행정동,방화1동,티룸,3110632
방화역 티룸,지하철역,방화역,티룸,3110632
방화1동 티하우스,행정동,방화1동,티하우스,3110632
방화역 티하우스,지하철역,방화역,티하우스,3110632
방화1동 티카페,행정동,방화1동,티카페,3110632
방화역 티카페,지하철역,방화역,티카페,3110632
방화1동 다원,행정동,방화1동,다원,3110632
방화역 다원,지하철역,방화역,다원,3110632
화곡8동 찻집,행정동,화곡8동,찻집,3110662
화곡8동 티룸,행정동,화곡8동,티룸,3110662
화곡8동 티하우스,행정동,화곡8동,티하우스,3110662
화곡8동 티카페,행정동,화곡8동,티카페,3110662
화곡8동 다원,행정동,화곡8동,다원,3110662
염창동 찻집,행정동,염창동,찻집,3110678
염창동 티룸,행정동,염창동,티룸,3110678
염창동 티하우스,행정동,염창동,티하우스,3110678
염창동 티카페,행정동,염창동,티카페,3110678
염창동 다원,행정동,염창동,다원,3110678
신대방1동 찻집,행정동,신대방1동,찻집,3110818
신대방역 찻집,지하철역,신대방역,찻집,3110818
신대방1동 티룸,행정동,신대방1동,티룸,3110818
신대방역 티룸,지하철역,신대방역,티룸,3110818
신대방1동 티하우스,행정동,신대방1동,티하우스,3110818
신대방역 티하우스,지하철역,신대방역,티하우스,3110818
신대방1동 티카페,행정동,신대방1동,티카페,3110818
신대방역 티카페,지하철역,신대방역,티카페,3110818
신대방1동 다원,행정동,신대방1동,다원,3110818
신대방역 다원,지하철역,신대방역,다원,3110818
대방동 찻집,행정동,대방동,찻집,3110820
대방동 티룸,행정동,대방동,티룸,3110820
대방동 티하우스,행정동,대방동,티하우스,3110820
대방동 티카페,행정동,대방동,티카페,3110820
대방동 다원,행정동,대방동,다원,3110820
당산역 찻집,지하철역,당산역,찻집,3110773
당산역 티룸,지하철역,당산역,티룸,3110773
당산역 티하우스,지하철역,당산역,티하우스,3110773
당산역 티카페,지하철역,당산역,티카페,3110773
당산역 다원,지하철역,당산역,다원,3110773
신방화역 찻집,지하철역,신방화역,찻집,3110639
신방화역 티룸,지하철역,신방화역,티룸,3110639
신방화역 티하우스,지하철역,신방화역,티하우스,3110639
신방화역 티카페,지하철역,신방화역,티카페,3110639
신방화역 다원,지하철역,신방화역,다원,3110639
방화3동 찻집,행정동,방화3동,찻집,3110640
방화3동 티룸,행정동,방화3동,티룸,3110640
방화3동 티하우스,행정동,방화3동,티하우스,3110640
방화3동 티카페,행정동,방화3동,티카페,3110640
방화3동 다원,행정동,방화3동,다원,3110640
신월4동 찻집,행정동,신월4동,찻집,3110604
신월4동 티룸,행정동,신월4동,티룸,3110604
신월4동 티하우스,행정동,신월4동,티하우스,3110604
신월4동 티카페,행정동,신월4동,티카페,3110604
신월4동 다원,행정동,신월4동,다원,3110604
신월6동 찻집,행정동,신월6동,찻집,3110605
신월6동 티룸,행정동,신월6동,티룸,3110605
신월6동 티하우스,행정동,신월6동,티하우스,3110605
신월6동 티카페,행정동,신월6동,티카페,3110605
신월6동 다원,행정동,신월6동,다원,3110605
목1동 찻집,행정동,목1동,찻집,3110621
목1동 티룸,행정동,목1동,티룸,3110621
목1동 티하우스,행정동,목1동,티하우스,3110621
목1동 티카페,행정동,목1동,티카페,3110621
목1동 다원,행정동,목1동,다원,3110621
문정1동 찻집,행정동,문정1동,찻집,3111026
문정역 찻집,지하철역,문정역,찻집,3111026
문정1동 티룸,행정동,문정1동,티룸,3111026
문정역 티룸,지하철역,문정역,티룸,3111026
문정1동 티하우스,행정동,문정1동,티하우스,3111026
문정역 티하우스,지하철역,문정역,티하우스,3111026
문정1동 티카페,행정동,문정1동,티카페,3111026
문정역 티카페,지하철역,문정역,티카페,3111026
문정1동 다원,행정동,문정1동,다원,3111026
문정역 다원,지하철역,문정역,다원,3111026
가락2동 찻집,행정동,가락2동,찻집,3111025
경찰병원역 찻집,지하철역,경찰병원역,찻집,3111025
가락2동 티룸,행정동,가락2동,티룸,3111025
경찰병원역 티룸,지하철역,경찰병원역,티룸,3111025
가락2동 티하우스,행정동,가락2동,티하우스,3111025
경찰병원역 티하우스,지하철역,경찰병원역,티하우스,3111025
가락2동 티카페,행정동,가락2동,티카페,3111025
경찰병원역 티카페,지하철역,경찰병원역,티카페,3111025
가락2동 다원,행정동,가락2동,다원,3111025
경찰병원역 다원,지하철역,경찰병원역,다원,3111025
상도4동 찻집,행정동,상도4동,찻집,3110830
장승배기역 찻집,지하철역,장승배기역,찻집,3110830
상도4동 티룸,행정동,상도4동,티룸,3110830
장승배기역 티룸,지하철역,장승배기역,티룸,3110830
상도4동 티하우스,행정동,상도4동,티하우스,3110830
장승배기역 티하우스,지하철역,장승배기역,티하우스,3110830
상도4동 티카페,행정동,상도4동,티카페,3110830
장승배기역 티카페,지하철역,장승배기역,티카페,3110830
상도4동 다원,행정동,상도4동,다원,3110830
장승배기역 다원,지하철역,장승배기역,다원,3110830
서원동 찻집,행정동,서원동,찻집,3110880
신림역 찻집,지하철역,신림역,찻집,3110880
서원동 티룸,행정동,서원동,티룸,3110880
신림역 티룸,지하철역,신림역,티룸,3110880
서원동 티하우스,행정동,서원동,티하우스,3110880
신림역 티하우스,지하철역,신림역,티하우스,3110880
서원동 티카페,행정동,서원동,티카페,3110880
신림역 티카페,지하철역,신림역,티카페,3110880
서원동 다원,행정동,서원동,다원,3110880
신림역 다원,지하철역,신림역,다원,3110880
대학동 찻집,행정동,대학동,찻집,3110881
봉천역 찻집,지하철역,봉천역,찻집,3110881
대학동 티룸,행정동,대학동,티룸,3110881
봉천역 티룸,지하철역,봉천역,티룸,3110881
대학동 티하우스,행정동,대학동,티하우스,3110881
봉천역 티하우스,지하철역,봉천역,티하우스,3110881
대학동 티카페,행정동,대학동,티카페,3110881
봉천역 티카페,지하철역,봉천역,티카페,3110881
대학동 다원,행정동,대학동,다원,3110881
봉천역 다원,지하철역,봉천역,다원,3110881
서림동 찻집,행정동,서림동,찻집,3110882
서림동 티룸,행정동,서림동,티룸,3110882
서림동 티하우스,행정동,서림동,티하우스,3110882
서림동 티카페,행정동,서림동,티카페,3110882
서림동 다원,행정동,서림동,다원,3110882
양재2동 찻집,행정동,양재2동,찻집,3110942
매봉역 찻집,지하철역,매봉역,찻집,3110942
양재2동 티룸,행정동,양재2동,티룸,3110942
매봉역 티룸,지하철역,매봉역,티룸,3110942
양재2동 티하우스,행정동,양재2동,티하우스,3110942
매봉역 티하우스,지하철역,매봉역,티하우스,3110942
양재2동 티카페,행정동,양재2동,티카페,3110942
매봉역 티카페,지하철역,매봉역,티카페,3110942
양재2동 다원,행정동,양재2동,다원,3110942
매봉역 다원,지하철역,매봉역,다원,3110942
내곡동 찻집,행정동,내곡동,찻집,3110944
내곡동 티룸,행정동,내곡동,티룸,3110944
내곡동 티하우스,행정동,내곡동,티하우스,3110944
내곡동 티카페,행정동,내곡동,티카페,3110944
내곡동 다원,행정동,내곡동,다원,3110944
논현2동 찻집,행정동,논현2동,찻집,3110968
강남구청역 찻집,지하철역,강남구청역,찻집,3110968
논현2동 티룸,행정동,논현2동,티룸,3110968
강남구청역 티룸,지하철역,강남구청역,티룸,3110968
논현2동 티하우스,행정동,논현2동,티하우스,3110968
강남구청역 티하우스,지하철역,강남구청역,티하우스,3110968
논현2동 티카페,행정동,논현2동,티카페,3110968
강남구청역 티카페,지하철역,강남구청역,티카페,3110968
논현2동 다원,행정동,논현2동,다원,3110968
강남구청역 다원,지하철역,강남구청역,다원,3110968
역삼2동 찻집,행정동,역삼2동,찻집,3110969
역삼역 찻집,지하철역,역삼역,찻집,3110969
역삼2동 티룸,행정동,역삼2동,티룸,3110969
역삼역 티룸,지하철역,역삼역,티룸,3110969
역삼2동 티하우스,행정동,역삼2동,티하우스,3110969
역삼역 티하우스,지하철역,역삼역,티하우스,3110969
역삼2동 티카페,행정동,역삼2동,티카페,3110969
역삼역 티카페,지하철역,역삼역,티카페,3110969
역삼2동 다원,행정동,역삼2동,다원,3110969
역삼역 다원,지하철역,역삼역,다원,3110969
선정릉역 찻집,지하철역,선정릉역,찻집,3110970
선정릉역 티룸,지하철역,선정릉역,티룸,3110970
선정릉역 티하우스,지하철역,선정릉역,티하우스,3110970
선정릉역 티카페,지하철역,선정릉역,티카페,3110970
선정릉역 다원,지하철역,선정릉역,다원,3110970
역삼1동 찻집,행정동,역삼1동,찻집,3110971
역삼1동 티룸,행정동,역삼1동,티룸,3110971
역삼1동 티하우스,행정동,역삼1동,티하우스,3110971
역삼1동 티카페,행정동,역삼1동,티카페,3110971
역삼1동 다원,행정동,역삼1동,다원,3110971
청담동 찻집,행정동,청담동,찻집,3110973
청담동 티룸,행정동,청담동,티룸,3110973
청담동 티하우스,행정동,청담동,티하우스,3110973
청담동 티카페,행정동,청담동,티카페,3110973
청담동 다원,행정동,청담동,다원,3110973
오금동 찻집,행정동,오금동,찻집,3111037
개롱역 찻집,지하철역,개롱역,찻집,3111037
오금동 티룸,행정동,오금동,티룸,3111037
개롱역 티룸,지하철역,개롱역,티룸,3111037
오금동 티하우스,행정동,오금동,티하우스,3111037
개롱역 티하우스,지하철역,개롱역,티하우스,3111037
오금동 티카페,행정동,오금동,티카페,3111037
개롱역 티카페,지하철역,개롱역,티카페,3111037
오금동 다원,행정동,오금동,다원,3111037
개롱역 다원,지하철역,개롱역,다원,3111037
방이2동 찻집,행정동,방이2동,찻집,3111017
송파나루역 찻집,지하철역,송파나루역,찻집,3111017
방이2동 티룸,행정동,방이2동,티룸,3111017
송파나루역 티룸,지하철역,송파나루역,티룸,3111017
방이2동 티하우스,행정동,방이2동,티하우스,3111017
송파나루역 티하우스,지하철역,송파나루역,티하우스,3111017
방이2동 티카페,행정동,방이2동,티카페,3111017
송파나루역 티카페,지하철역,송파나루역,티카페,3111017
방이2동 다원,행정동,방이2동,다원,3111017
송파나루역 다원,지하철역,송파나루역,다원,3111017
풍납1동 찻집,행정동,풍납1동,찻집,3111018
천호역 찻집,지하철역,천호역,찻집,3111018
풍납1동 티룸,행정동,풍납1동,티룸,3111018
천호역 티룸,지하철역,천호역,티룸,3111018
풍납1동 티하우스,행정동,풍납1동,티하우스,3111018
천호역 티하우스,지하철역,천호역,티하우스,3111018
풍납1동 티카페,행정동,풍납1동,티카페,3111018
천호역 티카페,지하철역,천호역,티카페,3111018
풍납1동 다원,행정동,풍납1동,다원,3111018
천호역 다원,지하철역,천호역,다원,3111018
거여1동 찻집,행정동,거여1동,찻집,3111041
거여역 찻집,지하철역,거여역,찻집,3111041
거여1동 티룸,행정동,거여1동,티룸,3111041
거여역 티룸,지하철역,거여역,티룸,3111041
거여1동 티하우스,행정동,거여1동,티하우스,3111041
거여역 티하우스,지하철역,거여역,티하우스,3111041
거여1동 티카페,행정동,거여1동,티카페,3111041
거여역 티카페,지하철역,거여역,티카페,3111041
거여1동 다원,행정동,거여1동,다원,3111041
거여역 다원,지하철역,거여역,다원,3111041
사당1동 찻집,행정동,사당1동,찻집,3110848
남성역 찻집,지하철역,남성역,찻집,3110848
사당1동 티룸,행정동,사당1동,티룸,3110848
남성역 티룸,지하철역,남성역,티룸,3110848
사당1동 티하우스,행정동,사당1동,티하우스,3110848
남성역 티하우스,지하철역,남성역,티하우스,3110848
사당1동 티카페,행정동,사당1동,티카페,3110848
남성역 티카페,지하철역,남성역,티카페,3110848
사당1동 다원,행정동,사당1동,다원,3110848
남성역 다원,지하철역,남성역,다원,3110848
장지동 찻집,행정동,장지동,찻집,3111028
장지동 티룸,행정동,장지동,티룸,3111028
장지동 티하우스,행정동,장지동,티하우스,3111028
장지동 티카페,행정동,장지동,티카페,3111028
장지동 다원,행정동,장지동,다원,3111028
성내1동 찻집,행정동,성내1동,찻집,3111050
강동구청역 찻집,지하철역,강동구청역,찻집,3111050
성내1동 티룸,행정동,성내1동,티룸,3111050
강동구청역 티룸,지하철역,강동구청역,티룸,3111050
성내1동 티하우스,행정동,성내1동,티하우스,3111050
강동구청역 티하우스,지하철역,강동구청역,티하우스,3111050
성내1동 티카페,행정동,성내1동,티카페,3111050
강동구청역 티카페,지하철역,강동구청역,티카페,3111050
성내1동 다원,행정동,성내1동,다원,3111050
강동구청역 다원,지하철역,강동구청역,다원,3111050
성내2동 찻집,행정동,성내2동,찻집,3111051
성내2동 티룸,행정동,성내2동,티룸,3111051
성내2동 티하우스,행정동,성내2동,티하우스,3111051
성내2동 티카페,행정동,성내2동,티카페,3111051
성내2동 다원,행정동,성내2동,다원,3111051
천호2동 찻집,행정동,천호2동,찻집,3111052
암사역 찻집,지하철역,암사역,찻집,3111052
천호2동 티룸,행정동,천호2동,티룸,3111052
암사역 티룸,지하철역,암사역,티룸,3111052
천호2동 티하우스,행정동,천호2동,티하우스,3111052
암사역 티하우스,지하철역,암사역,티하우스,3111052
천호2동 티카페,행정동,천호2동,티카페,3111052
암사역 티카페,지하철역,암사역,티카페,3111052
천호2동 다원,행정동,천호2동,다원,3111052
암사역 다원,지하철역,암사역,다원,3111052
신대방2동 찻집,행정동,신대방2동,찻집,3110823
신대방삼거리역 찻집,지하철역,신대방삼거리역,찻집,3110823
신대방2동 티룸,행정동,신대방2동,티룸,3110823
신대방삼거리역 티룸,지하철역,신대방삼거리역,티룸,3110823
신대방2동 티하우스,행정동,신대방2동,티하우스,3110823
신대방삼거리역 티하우스,지하철역,신대방삼거리역,티하우스,3110823
신대방2동 티카페,행정동,신대방2동,티카페,3110823
신대방삼거리역 티카페,지하철역,신대방삼거리역,티카페,3110823
신대방2동 다원,행정동,신대방2동,다원,3110823
신대방삼거리역 다원,지하철역,신대방삼거리역,다원,3110823
상도3동 찻집,행정동,상도3동,찻집,3110825
상도3동 티룸,행정동,상도3동,티룸,3110825
상도3동 티하우스,행정동,상도3동,티하우스,3110825
상도3동 티카페,행정동,상도3동,티카페,3110825
상도3동 다원,행정동,상도3동,다원,3110825
신원동 찻집,행정동,신원동,찻집,3110871
신원동 티룸,행정동,신원동,티룸,3110871
신원동 티하우스,행정동,신원동,티하우스,3110871
신원동 티카페,행정동,신원동,티카페,3110871
신원동 다원,행정동,신원동,다원,3110871
사당3동 찻집,행정동,사당3동,찻집,3110849
이수역 찻집,지하철역,이수역,찻집,3110849
사당3동 티룸,행정동,사당3동,티룸,3110849
이수역 티룸,지하철역,이수역,티룸,3110849
사당3동 티하우스,행정동,사당3동,티하우스,3110849
이수역 티하우스,지하철역,이수역,티하우스,3110849
사당3동 티카페,행정동,사당3동,티카페,3110849
이수역 티카페,지하철역,이수역,티카페,3110849
사당3동 다원,행정동,사당3동,다원,3110849
이수역 다원,지하철역,이수역,다원,3110849
청림동 찻집,행정동,청림동,찻집,3110898
숭실대입구역 찻집,지하철역,숭실대입구역,찻집,3110898
청림동 티룸,행정동,청림동,티룸,3110898
숭실대입구역 티룸,지하철역,숭실대입구역,티룸,3110898
청림동 티하우스,행정동,청림동,티하우스,3110898
숭실대입구역 티하우스,지하철역,숭실대입구역,티하우스,3110898
청림동 티카페,행정동,청림동,티카페,3110898
숭실대입구역 티카페,지하철역,숭실대입구역,티카페,3110898
청림동 다원,행정동,청림동,다원,3110898
숭실대입구역 다원,지하철역,숭실대입구역,다원,3110898
행운동 찻집,행정동,행운동,찻집,3110899
행운동 티룸,행정동,행운동,티룸,3110899
행운동 티하우스,행정동,행운동,티하우스,3110899
행운동 티카페,행정동,행운동,티카페,3110899
행운동 다원,행정동,행운동,다원,3110899
방이역 찻집,지하철역,방이역,찻집,3111030
방이역 티룸,지하철역,방이역,티룸,3111030
방이역 티하우스,지하철역,방이역,티하우스,3111030
방이역 티카페,지하철역,방이역,티카페,3111030
방이역 다원,지하철역,방이역,다원,3111030
미성동 찻집,행정동,미성동,찻집,3110856
미성동 티룸,행정동,미성동,티룸,3110856
미성동 티하우스,행정동,미성동,티하우스,3110856
미성동 티카페,행정동,미성동,티카페,3110856
미성동 다원,행정동,미성동,다원,3110856
신사동 찻집,행정동,신사동,찻집,3110858
신사동 티룸,행정동,신사동,티룸,3110858
신사동 티하우스,행정동,신사동,티하우스,3110858
신사동 티카페,행정동,신사동,티카페,3110858
신사동 다원,행정동,신사동,다원,3110858
난향동 찻집,행정동,난향동,찻집,3110859
난향동 티룸,행정동,난향동,티룸,3110859
난향동 티하우스,행정동,난향동,티하우스,3110859
난향동 티카페,행정동,난향동,티카페,3110859
난향동 다원,행정동,난향동,다원,3110859
보라매동 찻집,행정동,보라매동,찻집,3110873
보라매동 티룸,행정동,보라매동,티룸,3110873
보라매동 티하우스,행정동,보라매동,티하우스,3110873
보라매동 티카페,행정동,보라매동,티카페,3110873
보라매동 다원,행정동,보라매동,다원,3110873
서초3동 찻집,행정동,서초3동,찻집,3110926
남부터미널역 찻집,지하철역,남부터미널역,찻집,3110926
서초3동 티룸,행정동,서초3동,티룸,3110926
남부터미널역 티룸,지하철역,남부터미널역,티룸,3110926
서초3동 티하우스,행정동,서초3동,티하우스,3110926
남부터미널역 티하우스,지하철역,남부터미널역,티하우스,3110926
서초3동 티카페,행정동,서초3동,티카페,3110926
남부터미널역 티카페,지하철역,남부터미널역,티카페,3110926
서초3동 다원,행정동,서초3동,다원,3110926
남부터미널역 다원,지하철역,남부터미널역,다원,3110926
인헌동 찻집,행정동,인헌동,찻집,3110900
서울대입구역 찻집,지하철역,서울대입구역,찻집,3110900
인헌동 티룸,행정동,인헌동,티룸,3110900
서울대입구역 티룸,지하철역,서울대입구역,티룸,3110900
인헌동 티하우스,행정동,인헌동,티하우스,3110900
서울대입구역 티하우스,지하철역,서울대입구역,티하우스,3110900
인헌동 티카페,행정동,인헌동,티카페,3110900
서울대입구역 티카페,지하철역,서울대입구역,티카페,3110900
인헌동 다원,행정동,인헌동,다원,3110900
서울대입구역 다원,지하철역,서울대입구역,다원,3110900
개포4동 찻집,행정동,개포4동,찻집,3110983
개포4동 티룸,행정동,개포4동,티룸,3110983
개포4동 티하우스,행정동,개포4동,티하우스,3110983
개포4동 티카페,행정동,개포4동,티카페,3110983
개포4동 다원,행정동,개포4동,다원,3110983
청담역 찻집,지하철역,청담역,찻집,3110985
청담역 티룸,지하철역,청담역,티룸,3110985
청담역 티하우스,지하철역,청담역,티하우스,3110985
청담역 티카페,지하철역,청담역,티카페,3110985
청담역 다원,지하철역,청담역,다원,3110985
삼성2동 찻집,행정동,삼성2동,찻집,3110986
삼성중앙역 찻집,지하철역,삼성중앙역,찻집,3110986
삼성2동 티룸,행정동,삼성2동,티룸,3110986
삼성중앙역 티룸,지하철역,삼성중앙역,티룸,3110986
삼성2동 티하우스,행정동,삼성2동,티하우스,3110986
삼성중앙역 티하우스,지하철역,삼성중앙역,티하우스,3110986
삼성2동 티카페,행정동,삼성2동,티카페,3110986
삼성중앙역 티카페,지하철역,삼성중앙역,티카페,3110986
삼성2동 다원,행정동,삼성2동,다원,3110986
삼성중앙역 다원,지하철역,삼성중앙역,다원,3110986
노량진1동 찻집,행정동,노량진1동,찻집,3110832
노량진역 찻집,지하철역,노량진역,찻집,3110832
노량진1동 티룸,행정동,노량진1동,티룸,3110832
노량진역 티룸,지하철역,노량진역,티룸,3110832
노량진1동 티하우스,행정동,노량진1동,티하우스,3110832
노량진역 티하우스,지하철역,노량진역,티하우스,3110832
노량진1동 티카페,행정동,노량진1동,티카페,3110832
노량진역 티카페,지하철역,노량진역,티카페,3110832
노량진1동 다원,행정동,노량진1동,다원,3110832
노량진역 다원,지하철역,노량진역,다원,3110832
상도2동 찻집,행정동,상도2동,찻집,3110833
상도역 찻집,지하철역,상도역,찻집,3110833
상도2동 티룸,행정동,상도2동,티룸,3110833
상도역 티룸,지하철역,상도역,티룸,3110833
상도2동 티하우스,행정동,상도2동,티하우스,3110833
상도역 티하우스,지하철역,상도역,티하우스,3110833
상도2동 티카페,행정동,상도2동,티카페,3110833
상도역 티카페,지하철역,상도역,티카페,3110833
상도2동 다원,행정동,상도2동,다원,3110833
상도역 다원,지하철역,상도역,다원,3110833
방배2동 찻집,행정동,방배2동,찻집,3110909
사당역 찻집,지하철역,사당역,찻집,3110909
방배2동 티룸,행정동,방배2동,티룸,3110909
사당역 티룸,지하철역,사당역,티룸,3110909
방배2동 티하우스,행정동,방배2동,티하우스,3110909
사당역 티하우스,지하철역,사당역,티하우스,3110909
방배2동 티카페,행정동,방배2동,티카페,3110909
사당역 티카페,지하철역,사당역,티카페,3110909
방배2동 다원,행정동,방배2동,다원,3110909
사당역 다원,지하철역,사당역,다원,3110909
방배4동 찻집,행정동,방배4동,찻집,3110910
내방역 찻집,지하철역,내방역,찻집,3110910
방배4동 티룸,행정동,방배4동,티룸,3110910
내방역 티룸,지하철역,내방역,티룸,3110910
방배4동 티하우스,행정동,방배4동,티하우스,3110910
내방역 티하우스,지하철역,내방역,티하우스,3110910
방배4동 티카페,행정동,방배4동,티카페,3110910
내방역 티카페,지하철역,내방역,티카페,3110910
방배4동 다원,행정동,방배4동,다원,3110910
내방역 다원,지하철역,내방역,다원,3110910
방배3동 찻집,행정동,방배3동,찻집,3110911
방배3동 티룸,행정동,방배3동,티룸,3110911
방배3동 티하우스,행정동,방배3동,티하우스,3110911
방배3동 티카페,행정동,방배3동,티카페,3110911
방배3동 다원,행정동,방배3동,다원,3110911
방배본동 찻집,행정동,방배본동,찻집,3110912
방배본동 티룸,행정동,방배본동,티룸,3110912
방배본동 티하우스,행정동,방배본동,티하우스,3110912
방배본동 티카페,행정동,방배본동,티카페,3110912
방배본동 다원,행정동,방배본동,다원,3110912
세곡동 찻집,행정동,세곡동,찻집,3111002
세곡동 티룸,행정동,세곡동,티룸,3111002
세곡동 티하우스,행정동,세곡동,티하우스,3111002
세곡동 티카페,행정동,세곡동,티카페,3111002
세곡동 다원,행정동,세곡동,다원,3111002
잠원동 찻집,행정동,잠원동,찻집,3110927
잠원역 찻집,지하철역,잠원역,찻집,3110927
잠원동 티룸,행정동,잠원동,티룸,3110927
잠원역 티룸,지하철역,잠원역,티룸,3110927
잠원동 티하우스,행정동,잠원동,티하우스,3110927
잠원역 티하우스,지하철역,잠원역,티하우스,3110927
잠원동 티카페,행정동,잠원동,티카페,3110927
잠원역 티카페,지하철역,잠원역,티카페,3110927
잠원동 다원,행정동,잠원동,다원,3110927
잠원역 다원,지하철역,잠원역,다원,3110927
서초역 찻집,지하철역,서초역,찻집,3110928
서초역 티룸,지하철역,서초역,티룸,3110928
서초역 티하우스,지하철역,서초역,티하우스,3110928
서초역 티카페,지하철역,서초역,티카페,3110928
서초역 다원,지하철역,서초역,다원,3110928
서초1동 찻집,행정동,서초1동,찻집,3110929
서초1동 티룸,행정동,서초1동,티룸,3110929
서초1동 티하우스,행정동,서초1동,티하우스,3110929
서초1동 티카페,행정동,서초1동,티카페,3110929
서초1동 다원,행정동,서초1동,다원,3110929
삼성1동 찻집,행정동,삼성1동,찻집,3110988
삼성1동 티룸,행정동,삼성1동,티룸,3110988
삼성1동 티하우스,행정동,삼성1동,티하우스,3110988
삼성1동 티카페,행정동,삼성1동,티카페,3110988
삼성1동 다원,행정동,삼성1동,다원,3110988
대치4동 찻집,행정동,대치4동,찻집,3110989
선릉역 찻집,지하철역,선릉역,찻집,3110989
대치4동 티룸,행정동,대치4동,티룸,3110989
선릉역 티룸,지하철역,선릉역,티룸,3110989
대치4동 티하우스,행정동,대치4동,티하우스,3110989
선릉역 티하우스,지하철역,선릉역,티하우스,3110989
대치4동 티카페,행정동,대치4동,티카페,3110989
선릉역 티카페,지하철역,선릉역,티카페,3110989
대치4동 다원,행정동,대치4동,다원,3110989
선릉역 다원,지하철역,선릉역,다원,3110989
암사2동 찻집,행정동,암사2동,찻집,3111054
암사2동 티룸,행정동,암사2동,티룸,3111054
암사2동 티하우스,행정동,암사2동,티하우스,3111054
암사2동 티카페,행정동,암사2동,티카페,3111054
암사2동 다원,행정동,암사2동,다원,3111054
천호3동 찻집,행정동,천호3동,찻집,3111056
천호3동 티룸,행정동,천호3동,티룸,3111056
천호3동 티하우스,행정동,천호3동,티하우스,3111056
천호3동 티카페,행정동,천호3동,티카페,3111056
천호3동 다원,행정동,천호3동,다원,3111056
은천동 찻집,행정동,은천동,찻집,3110884
은천동 티룸,행정동,은천동,티룸,3110884
은천동 티하우스,행정동,은천동,티하우스,3110884
은천동 티카페,행정동,은천동,티카페,3110884
은천동 다원,행정동,은천동,다원,3110884
잠실본동 찻집,행정동,잠실본동,찻집,3111003
삼전역 찻집,지하철역,삼전역,찻집,3111003
잠실본동 티룸,행정동,잠실본동,티룸,3111003
삼전역 티룸,지하철역,삼전역,티룸,3111003
잠실본동 티하우스,행정동,잠실본동,티하우스,3111003
삼전역 티하우스,지하철역,삼전역,티하우스,3111003
잠실본동 티카페,행정동,잠실본동,티카페,3111003
삼전역 티카페,지하철역,삼전역,티카페,3111003
잠실본동 다원,행정동,잠실본동,다원,3111003
삼전역 다원,지하철역,삼전역,다원,3111003
삼전동 찻집,행정동,삼전동,찻집,3111005
삼전동 티룸,행정동,삼전동,티룸,3111005
삼전동 티하우스,행정동,삼전동,티하우스,3111005
삼전동 티카페,행정동,삼전동,티카페,3111005
삼전동 다원,행정동,삼전동,다원,3111005
석촌고분역 찻집,지하철역,석촌고분역,찻집,3111006
석촌고분역 티룸,지하철역,석촌고분역,티룸,3111006
석촌고분역 티하우스,지하철역,석촌고분역,티하우스,3111006
석촌고분역 티카페,지하철역,석촌고분역,티카페,3111006
석촌고분역 다원,지하철역,석촌고분역,다원,3111006
노량진2동 찻집,행정동,노량진2동,찻집,3110829
노량진2동 티룸,행정동,노량진2동,티룸,3110829
노량진2동 티하우스,행정동,노량진2동,티하우스,3110829
노량진2동 티카페,행정동,노량진2동,티카페,3110829
노량진2동 다원,행정동,노량진2동,다원,3110829
신림동 찻집,행정동,신림동,찻집,3110877
신림동 티룸,행정동,신림동,티룸,3110877
신림동 티하우스,행정동,신림동,티하우스,3110877
신림동 티카페,행정동,신림동,티카페,3110877
신림동 다원,행정동,신림동,다원,3110877
사당2동 찻집,행정동,사당2동,찻집,3110851
사당2동 티룸,행정동,사당2동,티룸,3110851
사당2동 티하우스,행정동,사당2동,티하우스,3110851
사당2동 티카페,행정동,사당2동,티카페,3110851
사당2동 다원,행정동,사당2동,다원,3110851
한성백제역 찻집,지하철역,한성백제역,찻집,3111019
한성백제역 티룸,지하철역,한성백제역,티룸,3111019
한성백제역 티하우스,지하철역,한성백제역,티하우스,3111019
한성백제역 티카페,지하철역,한성백제역,티카페,3111019
한성백제역 다원,지하철역,한성백제역,다원,3111019
방이1동 찻집,행정동,방이1동,찻집,3111020
방이1동 티룸,행정동,방이1동,티룸,3111020
방이1동 티하우스,행정동,방이1동,티하우스,3111020
방이1동 티카페,행정동,방이1동,티카페,3111020
방이1동 다원,행정동,방이1동,다원,3111020
남현동 찻집,행정동,남현동,찻집,3110902
남현동 티룸,행정동,남현동,티룸,3110902
남현동 티하우스,행정동,남현동,티하우스,3110902
남현동 티카페,행정동,남현동,티카페,3110902
남현동 다원,행정동,남현동,다원,3110902
난곡동 찻집,행정동,난곡동,찻집,3110862
난곡동 티룸,행정동,난곡동,티룸,3110862
난곡동 티하우스,행정동,난곡동,티하우스,3110862
난곡동 티카페,행정동,난곡동,티카페,3110862
난곡동 다원,행정동,난곡동,다원,3110862
강남역 찻집,지하철역,강남역,찻집,3110930
강남역 티룸,지하철역,강남역,티룸,3110930
강남역 티하우스,지하철역,강남역,티하우스,3110930
강남역 티카페,지하철역,강남역,티카페,3110930
강남역 다원,지하철역,강남역,다원,3110930
양재1동 찻집,행정동,양재1동,찻집,3110931
양재1동 티룸,행정동,양재1동,티룸,3110931
양재1동 티하우스,행정동,양재1동,티하우스,3110931
양재1동 티카페,행정동,양재1동,티카페,3110931
양재1동 다원,행정동,양재1동,다원,3110931
양재역 찻집,지하철역,양재역,찻집,3110934
양재역 티룸,지하철역,양재역,티룸,3110934
양재역 티하우스,지하철역,양재역,티하우스,3110934
양재역 티카페,지하철역,양재역,티카페,3110934
양재역 다원,지하철역,양재역,다원,3110934
서초2동 찻집,행정동,서초2동,찻집,3110935
서초2동 티룸,행정동,서초2동,티룸,3110935
서초2동 티하우스,행정동,서초2동,티하우스,3110935
서초2동 티카페,행정동,서초2동,티카페,3110935
서초2동 다원,행정동,서초2동,다원,3110935
한티역 찻집,지하철역,한티역,찻집,3110992
한티역 티룸,지하철역,한티역,티룸,3110992
한티역 티하우스,지하철역,한티역,티하우스,3110992
한티역 티카페,지하철역,한티역,티카페,3110992
한티역 다원,지하철역,한티역,다원,3110992
개포1동 찻집,행정동,개포1동,찻집,3110993
개포1동 티룸,행정동,개포1동,티룸,3110993
개포1동 티하우스,행정동,개포1동,티하우스,3110993
개포1동 티카페,행정동,개포1동,티카페,3110993
개포1동 다원,행정동,개포1동,다원,3110993
개포2동 찻집,행정동,개포2동,찻집,3110994
대치역 찻집,지하철역,대치역,찻집,3110994
개포2동 티룸,행정동,개포2동,티룸,3110994
대치역 티룸,지하철역,대치역,티룸,3110994
개포2동 티하우스,행정동,개포2동,티하우스,3110994
대치역 티하우스,지하철역,대치역,티하우스,3110994
개포2동 티카페,행정동,개포2동,티카페,3110994
대치역 티카페,지하철역,대치역,티카페,3110994
개포2동 다원,행정동,개포2동,다원,3110994
대치역 다원,지하철역,대치역,다원,3110994
봉은사역 찻집,지하철역,봉은사역,찻집,3110995
봉은사역 티룸,지하철역,봉은사역,티룸,3110995
봉은사역 티하우스,지하철역,봉은사역,티하우스,3110995
봉은사역 티카페,지하철역,봉은사역,티카페,3110995
봉은사역 다원,지하철역,봉은사역,다원,3110995
대치2동 찻집,행정동,대치2동,찻집,3110996
삼성역 찻집,지하철역,삼성역,찻집,3110996
대치2동 티룸,행정동,대치2동,티룸,3110996
삼성역 티룸,지하철역,삼성역,티룸,3110996
대치2동 티하우스,행정동,대치2동,티하우스,3110996
삼성역 티하우스,지하철역,삼성역,티하우스,3110996
대치2동 티카페,행정동,대치2동,티카페,3110996
삼성역 티카페,지하철역,삼성역,티카페,3110996
대치2동 다원,행정동,대치2동,다원,3110996
삼성역 다원,지하철역,삼성역,다원,3110996
상도1동 찻집,행정동,상도1동,찻집,3110835
상도1동 티룸,행정동,상도1동,티룸,3110835
상도1동 티하우스,행정동,상도1동,티하우스,3110835
상도1동 티카페,행정동,상도1동,티카페,3110835
상도1동 다원,행정동,상도1동,다원,3110835
석촌동 찻집,행정동,석촌동,찻집,3111008
석촌동 티룸,행정동,석촌동,티룸,3111008
석촌동 티하우스,행정동,석촌동,티하우스,3111008
석촌동 티카페,행정동,석촌동,티카페,3111008
석촌동 다원,행정동,석촌동,다원,3111008
삼성동 찻집,행정동,삼성동,찻집,3110878
삼성동 티룸,행정동,삼성동,티룸,3110878
삼성동 티하우스,행정동,삼성동,티하우스,3110878
삼성동 티카페,행정동,삼성동,티카페,3110878
삼성동 다원,행정동,삼성동,다원,3110878
마천2동 찻집,행정동,마천2동,찻집,3111043
마천2동 티룸,행정동,마천2동,티룸,3111043
마천2동 티하우스,행정동,마천2동,티하우스,3111043
마천2동 티카페,행정동,마천2동,티카페,3111043
마천2동 다원,행정동,마천2동,다원,3111043
수서역 찻집,지하철역,수서역,찻집,3110948
수서역 티룸,지하철역,수서역,티룸,3110948
수서역 티하우스,지하철역,수서역,티하우스,3110948
수서역 티카페,지하철역,수서역,티카페,3110948
수서역 다원,지하철역,수서역,다원,3110948
석촌역 찻집,지하철역,석촌역,찻집,3111010
석촌역 티룸,지하철역,석촌역,티룸,3111010
석촌역 티하우스,지하철역,석촌역,티하우스,3111010
석촌역 티카페,지하철역,석촌역,티카페,3111010
석촌역 다원,지하철역,석촌역,다원,3111010
잠실4동 찻집,행정동,잠실4동,찻집,3111011
잠실나루역 찻집,지하철역,잠실나루역,찻집,3111011
잠실4동 티룸,행정동,잠실4동,티룸,3111011
잠실나루역 티룸,지하철역,잠실나루역,티룸,3111011
잠실4동 티하우스,행정동,잠실4동,티하우스,3111011
잠실나루역 티하우스,지하철역,잠실나루역,티하우스,3111011
잠실4동 티카페,행정동,잠실4동,티카페,3111011
잠실나루역 티카페,지하철역,잠실나루역,티카페,3111011
잠실4동 다원,행정동,잠실4동,다원,3111011
잠실나루역 다원,지하철역,잠실나루역,다원,3111011
송파1동 찻집,행정동,송파1동,찻집,3111013
송파1동 티룸,행정동,송파1동,티룸,3111013
송파1동 티하우스,행정동,송파1동,티하우스,3111013
송파1동 티카페,행정동,송파1동,티카페,3111013
송파1동 다원,행정동,송파1동,다원,3111013
거여2동 찻집,행정동,거여2동,찻집,3111045
거여2동 티룸,행정동,거여2동,티룸,3111045
거여2동 티하우스,행정동,거여2동,티하우스,3111045
거여2동 티카페,행정동,거여2동,티카페,3111045
거여2동 다원,행정동,거여2동,다원,3111045
마천1동 찻집,행정동,마천1동,찻집,3111046
마천1동 티룸,행정동,마천1동,티룸,3111046
마천1동 티하우스,행정동,마천1동,티하우스,3111046
마천1동 티카페,행정동,마천1동,티카페,3111046
마천1동 다원,행정동,마천1동,다원,3111046
조원동 찻집,행정동,조원동,찻집,3110853
조원동 티룸,행정동,조원동,티룸,3110853
조원동 티하우스,행정동,조원동,티하우스,3110853
조원동 티카페,행정동,조원동,티카페,3110853
조원동 다원,행정동,조원동,다원,3110853
신사역 찻집,지하철역,신사역,찻집,3110949
신사역 티룸,지하철역,신사역,티룸,3110949
신사역 티하우스,지하철역,신사역,티하우스,3110949
신사역 티카페,지하철역,신사역,티카페,3110949
신사역 다원,지하철역,신사역,다원,3110949
논현1동 찻집,행정동,논현1동,찻집,3110950
논현역 찻집,지하철역,논현역,찻집,3110950
논현1동 티룸,행정동,논현1동,티룸,3110950
논현역 티룸,지하철역,논현역,티룸,3110950
논현1동 티하우스,행정동,논현1동,티하우스,3110950
논현역 티하우스,지하철역,논현역,티하우스,3110950
논현1동 티카페,행정동,논현1동,티카페,3110950
논현역 티카페,지하철역,논현역,티카페,3110950
논현1동 다원,행정동,논현1동,다원,3110950
논현역 다원,지하철역,논현역,다원,3110950
학동역 찻집,지하철역,학동역,찻집,3110953
학동역 티룸,지하철역,학동역,티룸,3110953
학동역 티하우스,지하철역,학동역,티하우스,3110953
학동역 티카페,지하철역,학동역,티카페,3110953
학동역 다원,지하철역,학동역,다원,3110953
신논현역 찻집,지하철역,신논현역,찻집,3110954
신논현역 티룸,지하철역,신논현역,티룸,3110954
신논현역 티하우스,지하철역,신논현역,티하우스,3110954
신논현역 티카페,지하철역,신논현역,티카페,3110954
신논현역 다원,지하철역,신논현역,다원,3110954
언주역 찻집,지하철역,언주역,찻집,3110955
언주역 티룸,지하철역,언주역,티룸,3110955
언주역 티하우스,지하철역,언주역,티하우스,3110955
언주역 티카페,지하철역,언주역,티카페,3110955
언주역 다원,지하철역,언주역,다원,3110955
가락본동 찻집,행정동,가락본동,찻집,3111022
오금역 찻집,지하철역,오금역,찻집,3111022
가락본동 티룸,행정동,가락본동,티룸,3111022
오금역 티룸,지하철역,오금역,티룸,3111022
가락본동 티하우스,행정동,가락본동,티하우스,3111022
오금역 티하우스,지하철역,오금역,티하우스,3111022
가락본동 티카페,행정동,가락본동,티카페,3111022
오금역 티카페,지하철역,오금역,티카페,3111022
가락본동 다원,행정동,가락본동,다원,3111022
오금역 다원,지하철역,오금역,다원,3111022
반포본동 찻집,행정동,반포본동,찻집,3110908
구반포역 찻집,지하철역,구반포역,찻집,3110908
반포본동 티룸,행정동,반포본동,티룸,3110908
구반포역 티룸,지하철역,구반포역,티룸,3110908
반포본동 티하우스,행정동,반포본동,티하우스,3110908
구반포역 티하우스,지하철역,구반포역,티하우스,3110908
반포본동 티카페,행정동,반포본동,티카페,3110908
구반포역 티카페,지하철역,구반포역,티카페,3110908
반포본동 다원,행정동,반포본동,다원,3110908
구반포역 다원,지하철역,구반포역,다원,3110908
방배1동 찻집,행정동,방배1동,찻집,3110916
방배1동 티룸,행정동,방배1동,티룸,3110916
방배1동 티하우스,행정동,방배1동,티하우스,3110916
방배1동 티카페,행정동,방배1동,티카페,3110916
방배1동 다원,행정동,방배1동,다원,3110916
일원1동 찻집,행정동,일원1동,찻집,3110997
일원1동 티룸,행정동,일원1동,티룸,3110997
일원1동 티하우스,행정동,일원1동,티하우스,3110997
일원1동 티카페,행정동,일원1동,티카페,3110997
일원1동 다원,행정동,일원1동,다원,3110997
청룡동 찻집,행정동,청룡동,찻집,3110888
청룡동 티룸,행정동,청룡동,티룸,3110888
청룡동 티하우스,행정동,청룡동,티하우스,3110888
청룡동 티카페,행정동,청룡동,티카페,3110888
청룡동 다원,행정동,청룡동,다원,3110888
반포4동 찻집,행정동,반포4동,찻집,3110917
반포4동 티룸,행정동,반포4동,티룸,3110917
반포4동 티하우스,행정동,반포4동,티하우스,3110917
반포4동 티카페,행정동,반포4동,티카페,3110917
반포4동 다원,행정동,반포4동,다원,3110917
방배역 찻집,지하철역,방배역,찻집,3110918
방배역 티룸,지하철역,방배역,티룸,3110918
방배역 티하우스,지하철역,방배역,티하우스,3110918
방배역 티카페,지하철역,방배역,티카페,3110918
방배역 다원,지하철역,방배역,다원,3110918
상일동 찻집,행정동,상일동,찻집,3111089
상일동 티룸,행정동,상일동,티룸,3111089
상일동 티하우스,행정동,상일동,티하우스,3111089
상일동 티카페,행정동,상일동,티카페,3111089
상일동 다원,행정동,상일동,다원,3111089
강일동 찻집,행정동,강일동,찻집,3111090
강일동 티룸,행정동,강일동,티룸,3111090
강일동 티하우스,행정동,강일동,티하우스,3111090
강일동 티카페,행정동,강일동,티카페,3111090
강일동 다원,행정동,강일동,다원,3111090
암사1동 찻집,행정동,암사1동,찻집,3111061
암사1동 티룸,행정동,암사1동,티룸,3111061
암사1동 티하우스,행정동,암사1동,티하우스,3111061
암사1동 티카페,행정동,암사1동,티카페,3111061
암사1동 다원,행정동,암사1동,다원,3111061
성내3동 찻집,행정동,성내3동,찻집,3111062
성내3동 티룸,행정동,성내3동,티룸,3111062
성내3동 티하우스,행정동,성내3동,티하우스,3111062
성내3동 티카페,행정동,성내3동,티카페,3111062
성내3동 다원,행정동,성내3동,다원,3111062
성현동 찻집,행정동,성현동,찻집,3110891
성현동 티룸,행정동,성현동,티룸,3110891
성현동 티하우스,행정동,성현동,티하우스,3110891
성현동 티카페,행정동,성현동,티카페,3110891
성현동 다원,행정동,성현동,다원,3110891
압구정동 찻집,행정동,압구정동,찻집,3110959
압구정역 찻집,지하철역,압구정역,찻집,3110959
압구정동 티룸,행정동,압구정동,티룸,3110959
압구정역 티룸,지하철역,압구정역,티룸,3110959
압구정동 티하우스,행정동,압구정동,티하우스,3110959
압구정역 티하우스,지하철역,압구정역,티하우스,3110959
압구정동 티카페,행정동,압구정동,티카페,3110959
압구정역 티카페,지하철역,압구정역,티카페,3110959
압구정동 다원,행정동,압구정동,다원,3110959
압구정역 다원,지하철역,압구정역,다원,3110959
도곡1동 찻집,행정동,도곡1동,찻집,3110960
도곡1동 티룸,행정동,도곡1동,티룸,3110960
도곡1동 티하우스,행정동,도곡1동,티하우스,3110960
도곡1동 티카페,행정동,도곡1동,티카페,3110960
도곡1동 다원,행정동,도곡1동,다원,3110960
송파2동 찻집,행정동,송파2동,찻집,3111016
송파역 찻집,지하철역,송파역,찻집,3111016
송파2동 티룸,행정동,송파2동,티룸,3111016
송파역 티룸,지하철역,송파역,티룸,3111016
송파2동 티하우스,행정동,송파2동,티하우스,3111016
송파역 티하우스,지하철역,송파역,티하우스,3111016
송파2동 티카페,행정동,송파2동,티카페,3111016
송파역 티카페,지하철역,송파역,티카페,3111016
송파2동 다원,행정동,송파2동,다원,3111016
송파역 다원,지하철역,송파역,다원,3111016
사당5동 찻집,행정동,사당5동,찻집,3110843
사당5동 티룸,행정동,사당5동,티룸,3110843
사당5동 티하우스,행정동,사당5동,티하우스,3110843
사당5동 티카페,행정동,사당5동,티카페,3110843
사당5동 다원,행정동,사당5동,다원,3110843
흑석동 찻집,행정동,흑석동,찻집,3110844
흑석동 티룸,행정동,흑석동,티룸,3110844
흑석동 티하우스,행정동,흑석동,티하우스,3110844
흑석동 티카페,행정동,흑석동,티카페,3110844
흑석동 다원,행정동,흑석동,다원,3110844
사당4동 찻집,행정동,사당4동,찻집,3110846
사당4동 티룸,행정동,사당4동,티룸,3110846
사당4동 티하우스,행정동,사당4동,티하우스,3110846
사당4동 티카페,행정동,사당4동,티카페,3110846
사당4동 다원,행정동,사당4동,다원,3110846
낙성대동 찻집,행정동,낙성대동,찻집,3110895
낙성대동 티룸,행정동,낙성대동,티룸,3110895
낙성대동 티하우스,행정동,낙성대동,티하우스,3110895
낙성대동 티카페,행정동,낙성대동,티카페,3110895
낙성대동 다원,행정동,낙성대동,다원,3110895
천호1동 찻집,행정동,천호1동,찻집,3111069
천호1동 티룸,행정동,천호1동,티룸,3111069
천호1동 티하우스,행정동,천호1동,티하우스,3111069
천호1동 티카페,행정동,천호1동,티카페,3111069
천호1동 다원,행정동,천호1동,다원,3111069
도곡2동 찻집,행정동,도곡2동,찻집,3110978
도곡2동 티룸,행정동,도곡2동,티룸,3110978
도곡2동 티하우스,행정동,도곡2동,티하우스,3110978
도곡2동 티카페,행정동,도곡2동,티카페,3110978
도곡2동 다원,행정동,도곡2동,다원,3110978
명일역 찻집,지하철역,명일역,찻집,3111074
명일역 티룸,지하철역,명일역,티룸,3111074
명일역 티하우스,지하철역,명일역,티하우스,3111074
명일역 티카페,지하철역,명일역,티카페,3111074
명일역 다원,지하철역,명일역,다원,3111074
중앙동 찻집,행정동,중앙동,찻집,3110892
중앙동 티룸,행정동,중앙동,티룸,3110892
중앙동 티하우스,행정동,중앙동,티하우스,3110892
중앙동 티카페,행정동,중앙동,티카페,3110892
중앙동 다원,행정동,중앙동,다원,3110892
종각역 찻집,지하철역,종각역,찻집,3120004
종각역 티룸,지하철역,종각역,티룸,3120004
종각역 티하우스,지하철역,종각역,티하우스,3120004
종각역 티카페,지하철역,종각역,티카페,3120004
종각역 다원,지하철역,종각역,다원,3120004
삼청동 찻집,행정동,삼청동,찻집,3120005
삼청동 티룸,행정동,삼청동,티룸,3120005
삼청동 티하우스,행정동,삼청동,티하우스,3120005
삼청동 티카페,행정동,삼청동,티카페,3120005
삼청동 다원,행정동,삼청동,다원,3120005
반포1동 찻집,행정동,반포1동,찻집,3120176
반포1동 티룸,행정동,반포1동,티룸,3120176
반포1동 티하우스,행정동,반포1동,티하우스,3120176
반포1동 티카페,행정동,반포1동,티카페,3120176
반포1동 다원,행정동,반포1동,다원,3120176
상계9동 찻집,행정동,상계9동,찻집,3120080
마들역 찻집,지하철역,마들역,찻집,3120080
상계9동 티룸,행정동,상계9동,티룸,3120080
마들역 티룸,지하철역,마들역,티룸,3120080
상계9동 티하우스,행정동,상계9동,티하우스,3120080
마들역 티하우스,지하철역,마들역,티하우스,3120080
상계9동 티카페,행정동,상계9동,티카페,3120080
마들역 티카페,지하철역,마들역,티카페,3120080
상계9동 다원,행정동,상계9동,다원,3120080
마들역 다원,지하철역,마들역,다원,3120080
을지로입구역 찻집,지하철역,을지로입구역,찻집,3120025
을지로입구역 티룸,지하철역,을지로입구역,티룸,3120025
을지로입구역 티하우스,지하철역,을지로입구역,티하우스,3120025
을지로입구역 티카페,지하철역,을지로입구역,티카페,3120025
을지로입구역 다원,지하철역,을지로입구역,다원,3120025
상계6?7동 찻집,행정동,상계6?7동,찻집,3120082
상계6?7동 티룸,행정동,상계6?7동,티룸,3120082
상계6?7동 티하우스,행정동,상계6?7동,티하우스,3120082
상계6?7동 티카페,행정동,상계6?7동,티카페,3120082
상계6?7동 다원,행정동,상계6?7동,다원,3120082
중계2?3동 찻집,행정동,중계2?3동,찻집,3120083
중계2?3동 티룸,행정동,중계2?3동,티룸,3120083
중계2?3동 티하우스,행정동,중계2?3동,티하우스,3120083
중계2?3동 티카페,행정동,중계2?3동,티카페,3120083
중계2?3동 다원,행정동,중계2?3동,다원,3120083
을지로동 찻집,행정동,을지로동,찻집,3120031
을지로3가역 찻집,지하철역,을지로3가역,찻집,3120031
을지로동 티룸,행정동,을지로동,티룸,3120031
을지로3가역 티룸,지하철역,을지로3가역,티룸,3120031
을지로동 티하우스,행정동,을지로동,티하우스,3120031
을지로3가역 티하우스,지하철역,을지로3가역,티하우스,3120031
을지로동 티카페,행정동,을지로동,티카페,3120031
을지로3가역 티카페,지하철역,을지로3가역,티카페,3120031
을지로동 다원,행정동,을지로동,다원,3120031
을지로3가역 다원,지하철역,을지로3가역,다원,3120031
을지로4가역 찻집,지하철역,을지로4가역,찻집,3120033
을지로4가역 티룸,지하철역,을지로4가역,티룸,3120033
을지로4가역 티하우스,지하철역,을지로4가역,티하우스,3120033
을지로4가역 티카페,지하철역,을지로4가역,티카페,3120033
을지로4가역 다원,지하철역,을지로4가역,다원,3120033
여의동 찻집,행정동,여의동,찻집,3120149
여의동 티룸,행정동,여의동,티룸,3120149
여의동 티하우스,행정동,여의동,티하우스,3120149
여의동 티카페,행정동,여의동,티카페,3120149
여의동 다원,행정동,여의동,다원,3120149
광희동 찻집,행정동,광희동,찻집,3120037
광희동 티룸,행정동,광희동,티룸,3120037
광희동 티하우스,행정동,광희동,티하우스,3120037
광희동 티카페,행정동,광희동,티카페,3120037
광희동 다원,행정동,광희동,다원,3120037
대치1동 찻집,행정동,대치1동,찻집,3120220
대치1동 티룸,행정동,대치1동,티룸,3120220
대치1동 티하우스,행정동,대치1동,티하우스,3120220
대치1동 티카페,행정동,대치1동,티카페,3120220
대치1동 다원,행정동,대치1동,다원,3120220
수서동 찻집,행정동,수서동,찻집,3120224
수서동 티룸,행정동,수서동,티룸,3120224
수서동 티하우스,행정동,수서동,티하우스,3120224
수서동 티카페,행정동,수서동,티카페,3120224
수서동 다원,행정동,수서동,다원,3120224
잠실6동 찻집,행정동,잠실6동,찻집,3120227
잠실역 찻집,지하철역,잠실역,찻집,3120227
잠실6동 티룸,행정동,잠실6동,티룸,3120227
잠실역 티룸,지하철역,잠실역,티룸,3120227
잠실6동 티하우스,행정동,잠실6동,티하우스,3120227
잠실역 티하우스,지하철역,잠실역,티하우스,3120227
잠실6동 티카페,행정동,잠실6동,티카페,3120227
잠실역 티카페,지하철역,잠실역,티카페,3120227
잠실6동 다원,행정동,잠실6동,다원,3120227
잠실역 다원,지하철역,잠실역,다원,3120227
상암동 찻집,행정동,상암동,찻집,3120098
상암동 티룸,행정동,상암동,티룸,3120098
상암동 티하우스,행정동,상암동,티하우스,3120098
상암동 티카페,행정동,상암동,티카페,3120098
상암동 다원,행정동,상암동,다원,3120098
몽촌토성역 찻집,지하철역,몽촌토성역,찻집,3120233
몽촌토성역 티룸,지하철역,몽촌토성역,티룸,3120233
몽촌토성역 티하우스,지하철역,몽촌토성역,티하우스,3120233
몽촌토성역 티카페,지하철역,몽촌토성역,티카페,3120233
몽촌토성역 다원,지하철역,몽촌토성역,다원,3120233
가락시장역 찻집,지하철역,가락시장역,찻집,3120234
가락시장역 티룸,지하철역,가락시장역,티룸,3120234
가락시장역 티하우스,지하철역,가락시장역,티하우스,3120234
가락시장역 티카페,지하철역,가락시장역,티카페,3120234
가락시장역 다원,지하철역,가락시장역,다원,3120234
문정2동 찻집,행정동,문정2동,찻집,3120235
문정2동 티룸,행정동,문정2동,티룸,3120235
문정2동 티하우스,행정동,문정2동,티하우스,3120235
문정2동 티카페,행정동,문정2동,티카페,3120235
문정2동 다원,행정동,문정2동,다원,3120235
가락1동 찻집,행정동,가락1동,찻집,3120231
가락1동 티룸,행정동,가락1동,티룸,3120231
가락1동 티하우스,행정동,가락1동,티하우스,3120231
가락1동 티카페,행정동,가락1동,티카페,3120231
가락1동 다원,행정동,가락1동,다원,3120231
동화동 찻집,행정동,동화동,찻집,3130051
동화동 티룸,행정동,동화동,티룸,3130051
동화동 티하우스,행정동,동화동,티하우스,3130051
동화동 티카페,행정동,동화동,티카페,3130051
동화동 다원,행정동,동화동,다원,3130051
이문2동 찻집,행정동,이문2동,찻집,3130102
이문2동 티룸,행정동,이문2동,티룸,3130102
이문2동 티하우스,행정동,이문2동,티하우스,3130102
이문2동 티카페,행정동,이문2동,티카페,3130102
이문2동 다원,행정동,이문2동,다원,3130102
신내2동 찻집,행정동,신내2동,찻집,3130113
신내2동 티룸,행정동,신내2동,티룸,3130113
신내2동 티하우스,행정동,신내2동,티하우스,3130113
신내2동 티카페,행정동,신내2동,티카페,3130113
신내2동 다원,행정동,신내2동,다원,3130113
장위3동 찻집,행정동,장위3동,찻집,3130124
장위3동 티룸,행정동,장위3동,티룸,3130124
장위3동 티하우스,행정동,장위3동,티하우스,3130124
장위3동 티카페,행정동,장위3동,티카페,3130124
장위3동 다원,행정동,장위3동,다원,3130124
